date,symbol,series,open,high,low,close,previous_close,volume,value,trades,isin
2020-01-01,IOC,EQ,83.966667,84.500000,83.833333,83.966667,83.700000,3191238,2683.16,13955,
2020-01-02,IOC,EQ,84.133333,84.800000,84.000000,84.666667,83.966667,3838770,3242.62,16315,
2020-01-03,IOC,EQ,84.333333,85.000000,84.100000,84.566667,84.666667,13278158,11217.36,45004,
2020-01-06,IOC,EQ,84.333333,84.333333,83.000000,83.266667,84.566667,18947248,15808.53,50588,
2020-01-07,IOC,EQ,83.533333,84.966667,82.733333,83.033333,83.266667,12677540,10617.00,45411,
2020-01-08,IOC,EQ,82.033333,82.600000,81.000000,81.233333,83.033333,13328638,10873.29,51233,
2020-01-09,IOC,EQ,83.266667,83.666667,81.900000,83.000000,81.233333,13828252,11451.31,78201,
2020-01-10,IOC,EQ,83.333333,83.833333,82.700000,83.633333,83.000000,12566014,10453.02,35492,
2020-01-13,IOC,EQ,83.933333,85.066667,83.533333,84.633333,83.633333,8621076,7287.54,30970,
2020-01-14,IOC,EQ,85.066667,85.466667,84.433333,84.600000,84.633333,6732202,5712.34,25334,
2020-01-15,IOC,EQ,84.633333,84.666667,83.333333,83.800000,84.600000,7152738,5994.66,30381,
2020-01-16,IOC,EQ,84.033333,84.333333,82.666667,82.766667,83.800000,10577692,8789.47,52692,
2020-01-17,IOC,EQ,82.766667,82.833333,81.533333,81.766667,82.766667,11573763,9489.04,44652,
2020-01-20,IOC,EQ,78.633333,79.800000,75.800000,78.333333,81.766667,67893711,53217.41,145893,
2020-01-21,IOC,EQ,78.666667,78.966667,76.166667,76.533333,78.333333,69767703,53747.85,151583,
2020-01-22,IOC,EQ,77.766667,77.933333,74.633333,75.766667,76.533333,107592836,81901.73,158038,
2020-01-23,IOC,EQ,76.733333,80.600000,76.700000,78.900000,75.766667,314893702,248599.87,235485,
2020-01-24,IOC,EQ,81.000000,81.100000,79.400000,79.766667,78.900000,39238492,31456.73,83739,
2020-01-27,IOC,EQ,79.500000,80.133333,78.000000,78.300000,79.766667,20398282,16099.18,54180,
2020-01-28,IOC,EQ,78.766667,79.733333,77.566667,78.600000,78.300000,31914822,25139.18,75584,
2020-01-29,IOC,EQ,79.200000,79.966667,78.533333,78.866667,78.600000,32001970,25400.54,50737,
2020-01-30,IOC,EQ,79.933333,79.966667,77.466667,78.100000,78.866667,42007012,33042.73,90420,
2020-01-31,IOC,EQ,79.033333,79.033333,75.066667,75.633333,78.100000,55113962,41839.31,155640,
2020-02-03,IOC,EQ,73.366667,74.933333,71.700000,72.033333,72.600000,37608320,27540.69,104534,
2020-02-04,IOC,EQ,73.333333,76.133333,73.000000,75.866667,72.033333,31528422,23595.47,91857,
2020-02-05,IOC,EQ,76.566667,77.233333,75.933333,76.466667,75.866667,23615974,18089.14,61028,
2020-02-06,IOC,EQ,77.000000,78.333333,76.933333,78.033333,76.466667,19620446,15253.40,59248,
2020-02-07,IOC,EQ,77.800000,78.500000,76.666667,78.333333,78.033333,16255412,12621.60,44964,
2020-02-10,IOC,EQ,78.266667,78.900000,76.833333,77.200000,78.333333,20656924,16065.38,46266,
2020-02-11,IOC,EQ,77.333333,78.266667,77.133333,77.366667,77.200000,15500902,12026.25,57370,
2020-02-12,IOC,EQ,77.366667,77.966667,76.433333,76.733333,77.366667,17915650,13774.63,43677,
2020-02-13,IOC,EQ,76.633333,77.166667,76.166667,76.500000,76.733333,13542210,10369.02,35665,
2020-02-14,IOC,EQ,76.466667,77.133333,75.800000,76.733333,76.500000,17713124,13578.79,60383,
2020-02-17,IOC,EQ,76.666667,76.866667,74.166667,74.533333,76.733333,14507612,10849.22,36612,
2020-02-18,IOC,EQ,74.600000,76.733333,73.633333,75.100000,74.533333,21775992,16298.67,62594,
2020-02-19,IOC,EQ,75.866667,76.333333,75.100000,76.133333,75.100000,12031689,9119.65,29421,
2020-02-20,IOC,EQ,75.700000,76.300000,74.666667,74.866667,76.133333,16438316,12381.78,48914,
2020-02-24,IOC,EQ,75.200000,75.400000,73.433333,73.700000,74.866667,11890494,8857.90,51606,
2020-02-25,IOC,EQ,74.600000,75.300000,73.400000,73.633333,73.700000,16818484,12519.41,71439,
2020-02-26,IOC,EQ,73.466667,74.200000,72.000000,72.233333,73.633333,17215348,12544.14,68117,
2020-02-27,IOC,EQ,72.233333,72.233333,70.000000,70.433333,72.233333,26486948,18771.24,114720,
2020-02-28,IOC,EQ,69.200000,71.600000,67.266667,70.500000,70.433333,36326828,25202.61,111732,
2020-03-02,IOC,EQ,72.300000,75.266667,68.733333,69.300000,70.500000,21871314,15620.15,90858,
2020-03-03,IOC,EQ,70.333333,71.866667,69.533333,71.100000,69.300000,19908892,14091.84,86695,
2020-03-04,IOC,EQ,71.200000,72.500000,70.500000,71.066667,71.100000,20416750,14582.37,110919,
2020-03-05,IOC,EQ,71.700000,72.266667,69.633333,69.866667,71.066667,15247762,10805.01,75253,
2020-03-06,IOC,EQ,67.866667,67.866667,66.200000,67.200000,69.866667,37025709,24759.82,193641,
2020-03-09,IOC,EQ,68.200000,70.166667,65.333333,66.266667,67.200000,49516784,33784.03,154576,
2020-03-11,IOC,EQ,66.700000,66.733333,63.366667,64.600000,66.266667,30382974,19641.37,107240,
2020-03-12,IOC,EQ,62.000000,62.433333,58.166667,58.600000,64.600000,42262167,25467.13,202985,
2020-03-13,IOC,EQ,53.533333,62.166667,50.666667,61.500000,58.600000,62384109,37313.15,141577,
2020-03-16,IOC,EQ,60.266667,61.733333,58.433333,59.800000,61.500000,44735400,26866.59,104308,
2020-03-17,IOC,EQ,60.000000,62.333333,59.300000,59.600000,59.800000,25864038,15768.63,87256,
2020-03-18,IOC,EQ,60.166667,60.900000,57.633333,58.400000,59.600000,27217130,15988.11,72994,
2020-03-19,IOC,EQ,56.300000,60.533333,54.933333,58.633333,58.400000,31804419,18547.09,139154,
2020-03-20,IOC,EQ,59.333333,61.966667,58.733333,60.400000,58.633333,30048192,18138.28,74272,
2020-03-23,IOC,EQ,54.666667,58.166667,53.333333,53.833333,60.400000,21036830,11572.77,76425,
2020-03-24,IOC,EQ,55.266667,56.000000,51.766667,53.133333,53.833333,23517189,12490.57,69769,
2020-03-25,IOC,EQ,51.866667,53.966667,51.333333,51.900000,53.133333,27132914,14231.61,81986,
2020-03-26,IOC,EQ,52.000000,52.333333,49.766667,52.000000,51.900000,27474758,14120.81,86875,
2020-03-27,IOC,EQ,52.333333,53.433333,50.700000,51.266667,52.000000,20164254,10408.88,66222,
2020-03-30,IOC,EQ,50.000000,52.200000,49.633333,51.200000,51.266667,17237094,8816.47,62528,
2020-03-31,IOC,EQ,52.000000,55.000000,51.366667,54.433333,51.200000,36417056,19653.39,98539,
2020-04-01,IOC,EQ,54.433333,54.800000,52.000000,52.633333,54.433333,15719302,8338.55,61479,
2020-04-03,IOC,EQ,54.000000,54.733333,51.066667,53.000000,52.633333,25509441,13456.80,78460,
2020-04-07,IOC,EQ,54.666667,55.800000,53.333333,55.333333,53.000000,24117636,13243.07,82065,
2020-04-08,IOC,EQ,55.233333,57.333333,54.066667,54.500000,55.333333,30650432,17099.07,79547,
2020-04-09,IOC,EQ,55.133333,56.133333,54.566667,55.600000,54.500000,20378487,11282.69,54475,
2020-04-13,IOC,EQ,56.333333,56.333333,54.533333,55.433333,55.600000,14519776,8035.73,42732,
2020-04-15,IOC,EQ,56.000000,57.533333,55.200000,55.466667,55.433333,20492952,11567.96,64754,
2020-04-16,IOC,EQ,55.500000,57.200000,55.033333,56.466667,55.466667,17989606,10161.25,56611,
2020-04-17,IOC,EQ,57.366667,57.866667,56.666667,57.333333,56.466667,13740160,7872.96,51198,
2020-04-20,IOC,EQ,58.500000,59.666667,57.166667,58.366667,57.333333,26532014,15570.02,78655,
2020-04-21,IOC,EQ,57.866667,57.866667,55.000000,55.333333,58.366667,20457210,11512.23,63729,
2020-04-22,IOC,EQ,55.300000,55.833333,52.766667,55.333333,55.333333,22974600,12481.41,77681,
2020-04-23,IOC,EQ,55.600000,56.666667,55.200000,55.400000,55.333333,13770837,7702.81,47337,
2020-04-24,IOC,EQ,54.833333,56.266667,54.066667,54.333333,55.400000,15625792,8640.99,57556,
2020-04-27,IOC,EQ,54.933333,55.366667,54.200000,54.333333,54.333333,9480836,5203.84,33698,
2020-04-28,IOC,EQ,54.733333,55.000000,52.866667,53.100000,54.333333,27726240,14892.98,69529,
2020-04-29,IOC,EQ,53.333333,54.100000,53.200000,53.666667,53.100000,18325012,9844.83,57307,
2020-04-30,IOC,EQ,54.366667,56.333333,54.200000,56.133333,53.666667,31790790,17566.14,77748,
2020-05-04,IOC,EQ,55.100000,55.133333,53.000000,53.166667,56.133333,18416238,9870.09,80094,
2020-05-05,IOC,EQ,54.000000,54.666667,52.266667,52.466667,53.166667,20328226,10884.98,61616,
2020-05-06,IOC,EQ,51.200000,51.533333,48.533333,51.033333,52.466667,39447590,19880.29,123378,
2020-05-07,IOC,EQ,51.233333,51.333333,50.400000,50.500000,51.033333,20138877,10213.13,59405,
2020-05-08,IOC,EQ,50.733333,51.333333,49.366667,49.566667,50.500000,21801980,10921.40,87417,
2020-05-11,IOC,EQ,50.366667,50.866667,49.866667,50.233333,49.566667,19354950,9726.83,85975,
2020-05-12,IOC,EQ,50.566667,51.133333,49.733333,49.933333,50.233333,24454287,12287.59,77409,
2020-05-13,IOC,EQ,51.933333,51.933333,50.500000,50.666667,49.933333,27361053,13901.37,93813,
2020-05-14,IOC,EQ,50.666667,50.966667,50.000000,50.100000,50.666667,13589103,6839.04,43679,
2020-05-15,IOC,EQ,50.500000,50.933333,50.133333,50.333333,50.100000,23727129,12006.22,62382,
2020-05-18,IOC,EQ,50.366667,50.533333,47.433333,47.700000,50.333333,26547736,12848.52,93276,
2020-05-19,IOC,EQ,48.566667,48.933333,47.866667,48.033333,47.700000,18603873,8999.43,52859,
2020-05-20,IOC,EQ,48.233333,49.666667,47.933333,49.400000,48.033333,19388337,9517.30,48348,
2020-05-21,IOC,EQ,49.400000,49.966667,48.666667,49.633333,49.400000,15361149,7595.21,50131,
2020-05-22,IOC,EQ,49.166667,50.600000,48.533333,50.333333,49.633333,21714806,10809.18,62076,
2020-05-26,IOC,EQ,51.066667,51.900000,50.766667,51.433333,50.333333,23229219,11959.03,65259,
2020-05-27,IOC,EQ,51.466667,51.966667,50.666667,51.700000,51.433333,21473004,10985.31,50966,
2020-05-28,IOC,EQ,51.600000,52.533333,51.466667,51.800000,51.700000,14967008,7775.39,42687,
2020-05-29,IOC,EQ,51.800000,56.466667,51.466667,55.466667,51.800000,51859476,28142.07,107097,
2020-06-01,IOC,EQ,56.866667,58.166667,56.333333,57.433333,55.466667,44694098,25627.01,107316,
2020-06-02,IOC,EQ,57.733333,57.900000,56.500000,57.200000,57.433333,26984144,15409.63,72550,
2020-06-03,IOC,EQ,57.533333,59.266667,57.400000,58.000000,57.200000,29209413,17063.03,84462,
2020-06-04,IOC,EQ,57.366667,57.766667,56.066667,57.266667,58.000000,43910386,24962.64,79662,
2020-06-05,IOC,EQ,57.733333,60.033333,57.466667,59.600000,57.266667,36193016,21373.30,93747,
2020-06-08,IOC,EQ,61.933333,64.266667,61.400000,62.066667,59.600000,59083653,37017.84,147040,
2020-06-09,IOC,EQ,62.233333,62.400000,60.066667,60.433333,62.066667,25171882,15389.28,76418,
2020-06-10,IOC,EQ,60.400000,61.300000,59.400000,59.966667,60.433333,20502198,12310.84,57728,
2020-06-11,IOC,EQ,60.066667,62.233333,58.600000,58.900000,59.966667,44550222,26983.92,112293,
2020-06-12,IOC,EQ,56.666667,59.033333,56.666667,58.866667,58.900000,32426364,18864.48,75833,
2020-06-15,IOC,EQ,58.766667,58.800000,57.266667,57.466667,58.866667,52652222,30525.65,62405,
2020-06-16,IOC,EQ,58.233333,58.833333,55.900000,56.566667,57.466667,27931008,16023.08,59588,
2020-06-17,IOC,EQ,56.333333,57.233333,55.900000,56.233333,56.566667,18840276,10663.86,52485,
2020-06-18,IOC,EQ,56.200000,57.000000,55.833333,56.566667,56.233333,22264542,12585.93,48307,
2020-06-19,IOC,EQ,57.333333,57.400000,56.466667,56.866667,56.566667,32306930,18361.37,58110,
2020-06-22,IOC,EQ,57.233333,58.866667,57.000000,58.700000,56.866667,33908048,19727.05,80834,
2020-06-23,IOC,EQ,59.200000,60.333333,58.766667,59.566667,58.700000,47695654,28390.48,82766,
2020-06-24,IOC,EQ,60.333333,60.333333,57.366667,58.066667,59.566667,44472039,26269.38,118530,
2020-06-25,IOC,EQ,56.800000,58.733333,56.466667,56.700000,58.066667,38601224,22124.71,89407,
2020-06-26,IOC,EQ,57.266667,59.966667,57.166667,59.433333,56.700000,69744483,41273.87,152542,
2020-06-29,IOC,EQ,59.666667,60.466667,57.666667,58.066667,59.433333,32177152,18875.68,75857,
2020-06-30,IOC,EQ,58.866667,58.966667,56.500000,56.900000,58.066667,24517060,14080.21,64626,
2020-07-01,IOC,EQ,57.100000,57.433333,56.200000,57.100000,56.900000,21497019,12223.35,49591,
2020-07-02,IOC,EQ,57.666667,59.266667,57.300000,58.900000,57.100000,34968984,20511.32,76107,
2020-07-03,IOC,EQ,58.933333,59.400000,58.133333,58.566667,58.900000,14984685,8779.63,36973,
2020-07-06,IOC,EQ,58.700000,59.566667,58.000000,58.633333,58.566667,20284442,11947.29,47163,
2020-07-07,IOC,EQ,58.666667,58.700000,57.266667,57.433333,58.633333,19186286,11070.20,52845,
2020-07-08,IOC,EQ,57.500000,59.266667,57.366667,57.966667,57.433333,25018134,14565.06,57392,
2020-07-09,IOC,EQ,58.300000,58.966667,57.333333,57.666667,57.966667,22957569,13329.75,48027,
2020-07-10,IOC,EQ,57.633333,57.700000,56.933333,57.433333,57.666667,16636512,9537.22,38811,
2020-07-13,IOC,EQ,58.000000,58.500000,57.466667,58.266667,57.433333,24988767,14509.09,47168,
2020-07-14,IOC,EQ,57.833333,58.533333,57.266667,57.600000,58.266667,23018564,13292.22,39690,
2020-07-15,IOC,EQ,57.866667,58.000000,56.733333,57.100000,57.600000,24799082,14197.78,51982,
2020-07-16,IOC,EQ,56.966667,57.033333,55.000000,56.166667,57.100000,33914748,18924.42,78847,
2020-07-17,IOC,EQ,56.433333,58.466667,55.700000,57.933333,56.166667,76728183,44069.59,119946,
2020-07-20,IOC,EQ,57.966667,59.000000,57.433333,58.866667,57.933333,30911770,18091.89,63264,
2020-07-21,IOC,EQ,58.866667,63.133333,58.466667,62.300000,58.866667,140857827,86818.72,236234,
2020-07-22,IOC,EQ,62.366667,62.800000,61.000000,61.333333,62.300000,45723081,28365.03,92171,
2020-07-23,IOC,EQ,61.166667,63.633333,60.800000,62.866667,61.333333,67381462,42401.55,113747,
2020-07-24,IOC,EQ,62.600000,63.066667,61.200000,61.866667,62.866667,33917319,21017.67,58247,
2020-07-27,IOC,EQ,62.400000,63.766667,60.933333,62.500000,61.866667,58708822,36867.92,102982,
2020-07-28,IOC,EQ,62.500000,63.500000,61.766667,62.266667,62.500000,36878530,23102.10,73004,
2020-07-29,IOC,EQ,61.533333,62.466667,61.366667,61.733333,62.266667,22325484,13818.71,42777,
2020-07-30,IOC,EQ,61.333333,61.666667,58.400000,59.033333,61.733333,65433548,39067.35,134336,
2020-07-31,IOC,EQ,59.533333,59.966667,58.166667,58.966667,59.033333,62121741,36688.50,109264,
2020-08-03,IOC,EQ,58.900000,58.900000,56.933333,57.466667,58.966667,47169656,27281.09,67061,
2020-08-04,IOC,EQ,57.533333,58.300000,57.200000,57.966667,57.466667,38247952,22143.27,48206,
2020-08-05,IOC,EQ,58.000000,58.700000,57.533333,57.733333,57.966667,32501715,18905.85,48032,
2020-08-06,IOC,EQ,57.866667,58.800000,57.533333,58.133333,57.733333,29495188,17181.16,43397,
2020-08-07,IOC,EQ,58.466667,58.933333,57.100000,57.600000,58.133333,33405273,19296.51,60040,
2020-08-10,IOC,EQ,57.733333,58.466667,57.466667,58.066667,57.600000,24383408,14165.88,41964,
2020-08-11,IOC,EQ,58.133333,58.800000,57.933333,58.033333,58.066667,25075545,14601.48,42902,
2020-08-12,IOC,EQ,58.033333,58.166667,57.133333,57.233333,58.033333,32229705,18503.94,56907,
2020-08-13,IOC,EQ,57.600000,58.033333,57.300000,57.900000,57.233333,17667651,10185.07,40832,
2020-08-14,IOC,EQ,58.333333,58.333333,56.366667,56.533333,57.900000,29847198,17071.71,65494,
2020-08-17,IOC,EQ,56.833333,58.500000,56.766667,58.366667,56.533333,29222451,16872.51,46137,
2020-08-18,IOC,EQ,58.066667,58.600000,57.766667,58.000000,58.366667,20317755,11807.20,39294,
2020-08-19,IOC,EQ,58.066667,59.333333,58.066667,58.666667,58.000000,36676974,21569.89,56901,
2020-08-20,IOC,EQ,58.600000,59.800000,58.066667,59.366667,58.666667,48220047,28480.62,78108,
2020-08-21,IOC,EQ,59.966667,60.300000,59.066667,59.233333,59.366667,28552812,17051.72,57254,
2020-08-24,IOC,EQ,59.300000,59.600000,58.733333,58.900000,59.233333,14610528,8630.93,32690,
2020-08-25,IOC,EQ,58.900000,59.366667,58.400000,58.866667,58.900000,29329338,17250.85,60686,
2020-08-26,IOC,EQ,59.200000,59.233333,58.400000,58.600000,58.866667,24184494,14198.48,37615,
2020-08-27,IOC,EQ,58.766667,58.933333,58.033333,58.133333,58.600000,23167574,13536.26,56287,
2020-08-28,IOC,EQ,58.533333,59.333333,58.266667,58.533333,58.133333,26417668,15530.88,56253,
2020-08-31,IOC,EQ,59.000000,61.166667,56.900000,57.200000,58.533333,106275346,62859.39,194934,
2020-09-01,IOC,EQ,57.200000,57.733333,55.666667,56.433333,57.200000,41666034,23524.84,75106,
2020-09-02,IOC,EQ,56.933333,57.100000,56.366667,56.866667,56.433333,18785544,10645.22,33763,
2020-09-03,IOC,EQ,57.133333,57.700000,56.300000,56.733333,56.866667,21041139,11937.75,42296,
2020-09-04,IOC,EQ,56.000000,56.566667,55.166667,55.933333,56.733333,19055314,10689.59,40483,
2020-09-07,IOC,EQ,56.333333,56.633333,54.533333,55.866667,55.933333,22353447,12429.14,39014,
2020-09-08,IOC,EQ,55.966667,56.266667,55.033333,55.166667,55.866667,24253443,13506.85,49747,
2020-09-09,IOC,EQ,55.133333,55.233333,52.866667,53.700000,55.166667,36582918,19635.96,86795,
2020-09-10,IOC,EQ,53.800000,55.966667,53.800000,55.700000,53.700000,44148417,24287.00,73817,
2020-09-11,IOC,EQ,55.533333,56.000000,54.700000,55.400000,55.700000,26790382,14801.78,49485,
2020-09-14,IOC,EQ,55.466667,55.866667,54.900000,55.133333,55.400000,17811174,9869.89,35915,
2020-09-15,IOC,EQ,55.133333,55.600000,54.533333,54.833333,55.133333,17563972,9664.29,29803,
2020-09-16,IOC,EQ,54.833333,55.366667,54.300000,55.133333,54.833333,19186719,10510.15,32397,
2020-09-17,IOC,EQ,54.933333,55.200000,54.266667,54.533333,55.133333,19324839,10571.33,34909,
2020-09-18,IOC,EQ,55.066667,55.233333,53.500000,53.800000,54.533333,31553246,17111.64,48115,
2020-09-21,IOC,EQ,53.866667,54.000000,51.333333,51.800000,53.800000,33784803,17715.69,72310,
2020-09-22,IOC,EQ,52.066667,52.266667,50.266667,50.766667,51.800000,30808984,15671.43,55806,
2020-09-23,IOC,EQ,51.000000,51.466667,50.233333,50.633333,50.766667,28685922,14518.38,41787,
2020-09-24,IOC,EQ,50.000000,50.133333,47.766667,48.000000,50.633333,36837789,17985.04,77290,
2020-09-25,IOC,EQ,48.233333,49.600000,47.900000,49.400000,48.000000,37130397,18106.41,64320,
2020-09-28,IOC,EQ,50.000000,51.066667,49.533333,50.433333,49.400000,24144234,12176.34,41028,
2020-09-29,IOC,EQ,50.666667,50.833333,49.366667,49.900000,50.433333,22317525,11143.40,37429,
2020-09-30,IOC,EQ,49.900000,50.300000,48.666667,49.266667,49.900000,28455168,14018.79,41419,
2020-10-01,IOC,EQ,49.300000,50.000000,48.966667,49.400000,49.266667,21385226,10580.45,34985,
2020-10-05,IOC,EQ,49.666667,50.766667,49.200000,50.366667,49.400000,24256848,12095.25,35630,
2020-10-06,IOC,EQ,50.766667,50.833333,49.800000,50.233333,50.366667,24138250,12121.36,36052,
2020-10-07,IOC,EQ,50.100000,50.366667,49.533333,50.133333,50.233333,22736253,11367.07,32187,
2020-10-08,IOC,EQ,50.066667,50.533333,49.533333,50.333333,50.133333,19816166,9918.13,31431,
2020-10-09,IOC,EQ,49.733333,51.666667,49.733333,51.000000,50.333333,27043356,13766.31,46748,
2020-10-12,IOC,EQ,51.000000,51.633333,50.066667,50.466667,51.000000,17769244,9017.54,27653,
2020-10-13,IOC,EQ,50.366667,50.900000,49.700000,50.733333,50.466667,19361883,9743.20,34096,
2020-10-14,IOC,EQ,50.133333,50.600000,49.166667,49.766667,50.733333,29406442,14606.61,52560,
2020-10-15,IOC,EQ,49.766667,50.533333,49.333333,49.700000,49.766667,26723790,13382.91,42955,
2020-10-16,IOC,EQ,49.733333,50.133333,49.233333,49.466667,49.700000,34841612,17250.06,51827,
2020-10-19,IOC,EQ,49.733333,51.600000,49.733333,51.200000,49.466667,34811304,17630.67,69281,
2020-10-20,IOC,EQ,51.066667,51.133333,49.933333,50.033333,51.200000,28036869,14095.45,60305,
2020-10-21,IOC,EQ,50.500000,51.166667,50.266667,50.666667,50.033333,42120638,21356.73,69086,
2020-10-22,IOC,EQ,50.566667,52.166667,50.333333,51.800000,50.666667,32920890,16897.57,47039,
2020-10-23,IOC,EQ,51.800000,52.833333,51.800000,52.166667,51.800000,20603388,10787.40,36898,
2020-10-26,IOC,EQ,52.166667,52.800000,52.000000,52.066667,52.166667,18776652,9813.28,32478,
2020-10-27,IOC,EQ,51.700000,52.333333,50.733333,52.066667,52.066667,22736500,11755.64,41628,
2020-10-28,IOC,EQ,52.066667,52.233333,51.400000,52.033333,52.066667,17121588,8865.83,25925,
2020-10-29,IOC,EQ,51.133333,52.600000,50.800000,52.266667,52.033333,28496620,14667.67,43031,
2020-10-30,IOC,EQ,53.333333,54.600000,52.666667,53.033333,52.266667,82153204,43998.63,117866,
2020-11-02,IOC,EQ,53.366667,53.666667,51.700000,52.133333,53.033333,28796602,15055.90,42601,
2020-11-03,IOC,EQ,52.033333,52.733333,51.600000,52.000000,52.133333,22913030,11920.95,38267,
2020-11-04,IOC,EQ,52.000000,52.333333,51.233333,51.966667,52.000000,16097115,8339.30,26892,
2020-11-05,IOC,EQ,52.466667,53.466667,52.166667,53.200000,51.966667,29509616,15592.83,45532,
2020-11-06,IOC,EQ,53.333333,53.933333,53.133333,53.500000,53.200000,22566856,12069.52,34949,
2020-11-09,IOC,EQ,53.633333,54.300000,53.400000,54.133333,53.500000,23981306,12920.07,41220,
2020-11-10,IOC,EQ,54.066667,56.300000,54.066667,56.166667,54.133333,32965274,18257.27,58719,
2020-11-11,IOC,EQ,56.166667,56.800000,55.433333,56.666667,56.166667,27599802,15534.58,52080,
2020-11-12,IOC,EQ,56.666667,57.000000,55.966667,56.866667,56.666667,20550207,11611.97,34356,
2020-11-13,IOC,EQ,56.000000,56.766667,55.800000,56.500000,56.866667,16663137,9388.86,28388,
2020-11-17,IOC,EQ,58.000000,58.000000,56.333333,56.633333,57.766667,37552521,21395.79,69955,
2020-11-18,IOC,EQ,56.333333,56.966667,56.133333,56.833333,56.633333,19304127,10919.24,35043,
2020-11-19,IOC,EQ,56.833333,57.733333,56.333333,56.466667,56.833333,23130708,13202.70,38842,
2020-11-20,IOC,EQ,56.500000,57.166667,55.600000,56.566667,56.466667,23413748,13165.83,41459,
2020-11-23,IOC,EQ,57.000000,57.766667,56.033333,57.633333,56.566667,32626280,18559.08,49687,
2020-11-24,IOC,EQ,58.000000,58.233333,57.166667,57.433333,57.633333,26754674,15411.22,45912,
2020-11-25,IOC,EQ,57.666667,58.066667,57.000000,57.166667,57.433333,25653117,14751.82,42299,
2020-11-26,IOC,EQ,57.266667,57.500000,56.366667,57.066667,57.166667,22684284,12893.72,38871,
2020-11-27,IOC,EQ,57.066667,57.466667,56.000000,56.400000,57.066667,47815935,27096.53,63786,
2020-12-01,IOC,EQ,56.666667,57.333333,56.066667,57.233333,56.400000,21580450,12270.03,40823,
2020-12-02,IOC,EQ,57.233333,59.566667,57.066667,58.933333,57.233333,67092000,39539.44,117377,
2020-12-03,IOC,EQ,59.633333,60.066667,58.400000,59.933333,58.933333,58976355,34977.52,90809,
2020-12-04,IOC,EQ,60.200000,60.966667,59.333333,60.266667,59.933333,37284490,22458.74,63510,
2020-12-07,IOC,EQ,60.333333,61.466667,60.266667,61.133333,60.266667,32007978,19508.82,59942,
2020-12-08,IOC,EQ,61.333333,61.533333,60.033333,60.700000,61.133333,25684155,15604.78,53319,
2020-12-09,IOC,EQ,60.933333,62.833333,60.733333,62.633333,60.700000,51701644,32073.79,87211,
2020-12-10,IOC,EQ,62.600000,62.600000,60.766667,61.633333,62.633333,33364784,20520.55,51475,
2020-12-11,IOC,EQ,62.366667,64.066667,62.033333,62.566667,61.633333,82795728,52349.00,133676,
2020-12-14,IOC,EQ,63.333333,64.533333,63.066667,64.133333,62.566667,52441758,33537.89,89098,
2020-12-15,IOC,EQ,64.166667,64.166667,62.900000,63.633333,64.133333,31439902,19964.52,55261,
2020-12-16,IOC,EQ,64.333333,65.000000,63.866667,64.233333,63.633333,33946034,21863.43,63438,
2020-12-17,IOC,EQ,64.333333,64.666667,63.333333,63.600000,64.233333,24968898,15962.66,46760,
2020-12-18,IOC,EQ,63.600000,63.833333,62.200000,62.633333,63.600000,36546885,22922.07,67184,
2020-12-21,IOC,EQ,62.266667,62.266667,56.400000,58.066667,62.633333,73823025,43844.42,111851,
2020-12-22,IOC,EQ,57.333333,59.000000,56.133333,58.633333,58.066667,51043984,29390.29,100970,
2020-12-23,IOC,EQ,58.800000,59.066667,57.833333,58.766667,58.633333,31573149,18500.13,50630,
2020-12-24,IOC,EQ,58.833333,60.833333,58.833333,60.166667,58.766667,32996756,19854.15,57440,
2020-12-28,IOC,EQ,60.666667,61.333333,60.600000,61.133333,60.166667,19819689,12077.69,41637,
2020-12-29,IOC,EQ,61.333333,61.666667,60.266667,60.800000,61.133333,22058307,13430.16,47117,
2020-12-30,IOC,EQ,60.900000,61.133333,60.000000,60.600000,60.800000,20131574,12170.18,32960,
2020-12-31,IOC,EQ,60.333333,61.100000,60.133333,60.633333,60.600000,22766266,13789.78,41750,
2021-01-01,IOC,EQ,60.866667,61.166667,60.733333,61.000000,60.633333,10716213,6531.30,24893,
2021-01-04,IOC,EQ,61.333333,62.700000,61.333333,62.566667,61.000000,31411359,19488.58,58181,
2021-01-05,IOC,EQ,62.000000,62.166667,61.200000,62.000000,62.566667,28072568,17330.66,52674,
2021-01-06,IOC,EQ,62.233333,63.733333,62.133333,62.733333,62.000000,37066479,23355.05,70716,
2021-01-07,IOC,EQ,63.333333,63.633333,62.533333,63.000000,62.733333,27214862,17167.27,59737,
2021-01-08,IOC,EQ,63.400000,64.266667,63.100000,64.100000,63.000000,33813062,21623.61,58002,
2021-01-11,IOC,EQ,64.133333,64.633333,63.066667,64.000000,64.100000,24338116,15533.20,48381,
2021-01-12,IOC,EQ,63.733333,66.233333,63.466667,65.300000,64.000000,47912310,31355.51,95480,
2021-01-13,IOC,EQ,65.633333,68.500000,65.466667,67.300000,65.300000,83906529,56577.23,144365,
2021-01-14,IOC,EQ,67.833333,69.066667,66.866667,68.800000,67.300000,46080657,31309.43,95930,
2021-01-15,IOC,EQ,68.900000,69.266667,67.000000,67.533333,68.800000,41757006,28507.79,79793,
2021-01-18,IOC,EQ,67.700000,67.900000,65.000000,65.533333,67.533333,42899784,28282.07,77601,
2021-01-19,IOC,EQ,66.000000,66.866667,65.333333,65.700000,65.533333,36623602,24216.42,72377,
2021-01-20,IOC,EQ,65.933333,66.533333,65.166667,65.533333,65.700000,28395798,18636.20,51381,
2021-01-21,IOC,EQ,65.466667,66.400000,64.133333,64.466667,65.533333,38452280,25195.14,88996,
2021-01-22,IOC,EQ,64.333333,64.900000,63.500000,63.800000,64.466667,33756312,21631.53,70242,
2021-01-25,IOC,EQ,64.666667,65.000000,62.100000,62.300000,63.800000,33799852,21262.92,79755,
2021-01-27,IOC,EQ,62.000000,62.533333,60.166667,60.933333,62.300000,41240343,25088.65,85705,
2021-01-28,IOC,EQ,60.300000,61.966667,60.166667,61.733333,60.933333,36206854,22193.38,68594,
2021-01-29,IOC,EQ,62.533333,64.200000,61.866667,62.166667,61.733333,111293214,69929.68,154632,
2021-02-01,IOC,EQ,63.866667,64.266667,62.266667,63.866667,62.166667,79766276,50511.13,128702,
2021-02-02,IOC,EQ,65.033333,66.133333,64.500000,65.866667,63.866667,57962112,38041.49,102193,
2021-02-03,IOC,EQ,67.066667,68.266667,66.600000,67.900000,65.866667,87238200,58675.85,140432,
2021-02-04,IOC,EQ,68.533333,69.566667,68.333333,69.066667,67.900000,76757127,52899.29,148243,
2021-02-05,IOC,EQ,69.666667,69.733333,68.033333,68.266667,69.066667,47134358,32326.72,69926,
2021-02-08,IOC,EQ,69.333333,69.600000,68.300000,69.400000,68.266667,56887466,39291.20,92391,
2021-02-09,IOC,EQ,66.533333,66.533333,64.666667,65.133333,69.400000,71867816,47272.52,193856,
2021-02-10,IOC,EQ,65.400000,65.833333,64.066667,64.500000,65.133333,34008033,22007.60,73456,
2021-02-11,IOC,EQ,64.066667,65.000000,63.933333,64.333333,64.500000,29268846,18840.61,52132,
2021-02-12,IOC,EQ,64.366667,64.733333,63.066667,63.400000,64.333333,28558101,18182.33,69515,
2021-02-15,IOC,EQ,63.700000,64.066667,62.666667,62.766667,63.400000,22194036,13987.37,68006,
2021-02-16,IOC,EQ,62.766667,64.333333,62.666667,63.733333,62.766667,37303716,23745.67,65064,
2021-02-17,IOC,EQ,63.700000,63.800000,63.100000,63.333333,63.733333,24688640,15644.25,53664,
2021-02-18,IOC,EQ,63.533333,66.566667,63.533333,66.000000,63.333333,81083085,53216.27,151786,
2021-02-19,IOC,EQ,66.133333,67.000000,64.066667,65.033333,66.000000,63290026,41595.30,118324,
2021-02-22,IOC,EQ,65.000000,65.666667,63.400000,63.766667,65.033333,29230623,18861.62,67565,
2021-02-23,IOC,EQ,64.266667,66.066667,64.000000,65.100000,63.766667,53269024,34756.76,94597,
2021-02-24,IOC,EQ,65.600000,66.600000,64.666667,65.300000,65.100000,29676166,19561.04,68813,
2021-02-25,IOC,EQ,66.266667,67.966667,65.900000,67.266667,65.300000,94125668,63065.74,147409,
2021-02-26,IOC,EQ,66.333333,67.966667,64.800000,65.366667,67.266667,68584740,45613.12,123862,
2021-03-01,IOC,EQ,67.333333,67.666667,66.533333,67.133333,65.366667,45069374,30254.19,104552,
2021-03-02,IOC,EQ,68.166667,69.400000,67.833333,68.133333,67.133333,68580370,47016.11,130480,
2021-03-03,IOC,EQ,68.666667,69.333333,67.600000,68.400000,68.133333,45034914,30868.66,137700,
2021-03-04,IOC,EQ,67.666667,68.733333,67.433333,67.633333,68.400000,25305614,17194.93,53673,
2021-03-05,IOC,EQ,67.800000,68.566667,67.233333,67.633333,67.633333,60217766,40903.84,119077,
2021-03-08,IOC,EQ,68.166667,70.000000,68.066667,69.066667,67.633333,74599173,51578.89,142836,
2021-03-09,IOC,EQ,68.300000,68.600000,66.133333,67.033333,69.066667,44887904,30231.28,94006,
2021-03-10,IOC,EQ,67.933333,67.933333,65.800000,65.900000,67.033333,31741065,21070.80,68150,
2021-03-12,IOC,EQ,66.833333,68.200000,66.800000,67.533333,65.900000,52481499,35506.28,96751,
2021-03-15,IOC,EQ,67.766667,68.466667,66.666667,67.366667,67.533333,31647600,21297.79,75559,
2021-03-16,IOC,EQ,68.066667,68.400000,66.633333,66.933333,67.366667,41291265,27765.96,94434,
2021-03-17,IOC,EQ,67.500000,67.500000,65.333333,65.466667,66.933333,31383500,20731.73,62012,
2021-03-18,IOC,EQ,65.933333,66.333333,64.333333,64.833333,65.466667,32120652,20933.18,74985,
2021-03-19,IOC,EQ,64.633333,66.400000,63.600000,65.833333,64.833333,51668046,33777.85,90245,
2021-03-22,IOC,EQ,66.433333,66.533333,65.500000,66.100000,65.833333,31878692,21002.28,68362,
2021-03-23,IOC,EQ,64.800000,65.000000,64.266667,64.500000,66.100000,33229980,21460.00,85412,
2021-03-24,IOC,EQ,64.000000,64.500000,62.833333,63.033333,64.500000,28562504,18163.36,82117,
2021-03-25,IOC,EQ,62.900000,63.133333,60.300000,60.600000,63.033333,41865562,25669.33,101423,
2021-03-26,IOC,EQ,61.200000,61.466667,60.400000,60.600000,60.600000,28462275,17345.19,70678,
2021-03-30,IOC,EQ,60.666667,61.300000,60.066667,61.033333,60.600000,30887742,18777.99,84395,
2021-03-31,IOC,EQ,61.033333,61.533333,60.633333,61.233333,61.033333,20242772,12393.84,52391,
2021-04-01,IOC,EQ,61.333333,62.233333,60.800000,62.100000,61.233333,22265912,13685.32,47657,
2021-04-05,IOC,EQ,62.000000,62.000000,60.033333,60.500000,62.100000,25774072,15647.83,62740,
2021-04-06,IOC,EQ,60.600000,61.233333,60.300000,60.766667,60.500000,16560441,10074.51,38924,
2021-04-07,IOC,EQ,60.766667,61.933333,60.766667,61.800000,60.766667,20614233,12703.59,48082,
2021-04-08,IOC,EQ,62.000000,62.466667,61.666667,61.966667,61.800000,19175106,11900.43,40666,
2021-04-09,IOC,EQ,61.866667,61.966667,60.866667,61.133333,61.966667,15445974,9466.95,41053,
2021-04-12,IOC,EQ,60.066667,60.300000,57.833333,58.000000,61.133333,29943736,17507.77,109614,
2021-04-13,IOC,EQ,58.133333,59.500000,58.066667,59.200000,58.000000,23964056,14132.64,47119,
2021-04-15,IOC,EQ,58.800000,60.233333,58.733333,60.066667,59.200000,23591248,14067.29,49251,
2021-04-16,IOC,EQ,59.433333,60.766667,59.433333,60.100000,60.066667,15435476,9306.12,40584,
2021-04-19,IOC,EQ,58.633333,59.200000,57.900000,58.733333,60.100000,22902362,13362.36,66020,
2021-04-20,IOC,EQ,58.900000,60.000000,58.233333,58.533333,58.733333,16299066,9604.60,46206,
2021-04-22,IOC,EQ,58.666667,58.866667,58.233333,58.566667,58.533333,14235285,8346.27,39370,
2021-04-23,IOC,EQ,58.433333,59.033333,58.266667,58.700000,58.566667,12005517,7045.87,32993,
2021-04-26,IOC,EQ,59.133333,59.200000,58.500000,58.800000,58.700000,10600022,6238.78,31742,
2021-04-27,IOC,EQ,58.800000,59.400000,58.800000,59.233333,58.800000,13128622,7768.57,36649,
2021-04-28,IOC,EQ,59.466667,59.700000,59.333333,59.600000,59.233333,9505056,5657.99,28905,
2021-04-29,IOC,EQ,60.166667,60.333333,59.133333,59.266667,59.600000,13435744,8019.05,39431,
2021-04-30,IOC,EQ,59.066667,62.066667,58.666667,60.566667,59.266667,44723547,27271.08,89345,
2021-05-03,IOC,EQ,59.900000,61.266667,59.700000,60.966667,60.566667,20483678,12437.37,65306,
2021-05-04,IOC,EQ,61.666667,62.333333,60.733333,60.933333,60.966667,22283462,13721.19,52312,
2021-05-05,IOC,EQ,61.866667,62.300000,61.200000,61.466667,60.933333,34464111,21233.70,75104,
2021-05-06,IOC,EQ,61.900000,62.100000,61.333333,61.733333,61.466667,22084128,13620.01,47073,
2021-05-07,IOC,EQ,61.933333,63.500000,61.466667,63.133333,61.733333,27762753,17352.10,62684,
2021-05-10,IOC,EQ,63.533333,66.366667,63.466667,66.100000,63.133333,55456126,36128.84,122005,
2021-05-11,IOC,EQ,65.733333,69.600000,65.200000,69.133333,66.100000,115361688,79165.16,245508,
2021-05-12,IOC,EQ,69.266667,71.066667,68.200000,68.533333,69.133333,58626690,40731.41,118833,
2021-05-14,IOC,EQ,68.533333,69.100000,66.666667,67.366667,68.533333,32738630,22170.01,73798,
2021-05-17,IOC,EQ,67.766667,68.166667,66.733333,68.000000,67.366667,29540865,19898.88,70900,
2021-05-18,IOC,EQ,68.733333,70.600000,68.300000,70.366667,68.000000,53646370,37358.48,106752,
2021-05-19,IOC,EQ,69.666667,72.633333,69.400000,71.466667,70.366667,111262026,79282.95,199320,
2021-05-20,IOC,EQ,73.133333,73.133333,69.666667,69.800000,71.466667,84723675,59889.17,167697,
2021-05-21,IOC,EQ,70.533333,71.266667,69.033333,69.533333,69.800000,57868768,40437.29,160118,
2021-05-24,IOC,EQ,70.000000,73.266667,70.000000,72.966667,69.533333,124798564,89759.50,214719,
2021-05-25,IOC,EQ,73.600000,74.600000,73.066667,73.533333,72.966667,61080268,45015.37,133307,
2021-05-26,IOC,EQ,73.400000,75.200000,72.833333,74.666667,73.533333,55487864,41361.65,104758,
2021-05-27,IOC,EQ,75.133333,75.800000,73.300000,73.500000,74.666667,51485234,38355.18,111424,
2021-05-28,IOC,EQ,74.333333,74.666667,72.300000,73.233333,73.500000,45369177,33313.08,86558,
2021-05-31,IOC,EQ,73.333333,73.666667,72.233333,72.833333,73.233333,27328504,19925.63,64927,
2021-06-01,IOC,EQ,73.000000,73.966667,72.700000,73.266667,72.833333,25662062,18795.33,60441,
2021-06-02,IOC,EQ,73.200000,74.266667,73.033333,73.900000,73.266667,26079462,19240.14,65411,
2021-06-03,IOC,EQ,73.433333,75.300000,73.433333,74.966667,73.900000,31434374,23507.94,77349,
2021-06-04,IOC,EQ,75.000000,76.633333,74.933333,76.400000,74.966667,42494730,32332.08,101458,
2021-06-07,IOC,EQ,76.566667,77.166667,76.200000,76.466667,76.400000,28815546,22105.59,71652,
2021-06-08,IOC,EQ,76.766667,78.333333,75.566667,77.800000,76.466667,34179129,26324.09,81028,
2021-06-09,IOC,EQ,78.066667,78.566667,76.333333,76.633333,77.800000,31520342,24456.25,69935,
2021-06-10,IOC,EQ,77.000000,77.666667,76.800000,77.300000,76.633333,19462978,15035.73,46228,
2021-06-11,IOC,EQ,77.600000,78.233333,76.266667,76.733333,77.300000,22644016,17479.61,54026,
2021-06-14,IOC,EQ,76.833333,77.133333,75.000000,76.500000,76.733333,15977090,12198.56,48693,
2021-06-15,IOC,EQ,76.366667,77.600000,76.366667,77.166667,76.500000,18716286,14431.61,53448,
2021-06-16,IOC,EQ,77.166667,78.100000,77.000000,77.266667,77.166667,17840276,13848.03,54665,
2021-06-17,IOC,EQ,76.633333,77.533333,76.033333,76.400000,77.266667,14332736,11001.62,47168,
2021-06-18,IOC,EQ,76.800000,77.066667,74.000000,74.866667,76.400000,24316953,18236.53,73048,
2021-06-21,IOC,EQ,74.333333,75.666667,73.766667,75.100000,74.866667,22640152,16836.35,65987,
2021-06-22,IOC,EQ,75.733333,76.566667,75.333333,75.900000,75.100000,18181960,13819.16,54994,
2021-06-23,IOC,EQ,76.333333,76.333333,75.133333,75.266667,75.900000,8197572,6190.80,35631,
2021-06-24,IOC,EQ,75.333333,75.733333,74.033333,74.300000,75.266667,11987606,8947.49,38609,
2021-06-25,IOC,EQ,74.333333,74.933333,74.133333,74.266667,74.300000,7819713,5821.72,35455,
2021-06-28,IOC,EQ,74.600000,74.633333,73.800000,73.900000,74.266667,9776194,7238.44,37028,
2021-06-29,IOC,EQ,73.900000,74.600000,71.866667,72.100000,73.900000,22785070,16619.47,74511,
2021-06-30,IOC,EQ,72.166667,73.266667,71.733333,71.933333,72.100000,17106526,12394.25,52795,
2021-07-01,IOC,EQ,71.933333,72.633333,71.566667,71.700000,71.933333,13216218,9503.86,45786,
2021-07-02,IOC,EQ,71.833333,73.166667,71.833333,72.300000,71.700000,17907844,12967.08,51323,
2021-07-05,IOC,EQ,72.966667,72.966667,72.300000,72.533333,72.300000,9305578,6753.52,34873,
2021-07-06,IOC,EQ,72.466667,72.933333,72.133333,72.266667,72.533333,9301320,6747.24,35604,
2021-07-07,IOC,EQ,71.766667,72.266667,71.433333,71.966667,72.266667,11177004,8031.31,32379,
2021-07-08,IOC,EQ,71.966667,72.733333,71.566667,71.700000,71.966667,14297864,10308.31,39435,
2021-07-09,IOC,EQ,71.700000,71.733333,71.033333,71.533333,71.700000,10924398,7800.17,44404,
2021-07-12,IOC,EQ,71.566667,72.200000,71.233333,71.466667,71.533333,9438729,6768.38,36902,
2021-07-13,IOC,EQ,71.566667,72.066667,71.233333,71.866667,71.466667,11227437,8040.62,34355,
2021-07-14,IOC,EQ,71.700000,72.100000,71.100000,71.400000,71.866667,9119790,6524.01,43241,
2021-07-15,IOC,EQ,71.333333,71.500000,70.766667,70.866667,71.400000,11451740,8144.59,40368,
2021-07-16,IOC,EQ,70.700000,71.600000,70.300000,70.733333,70.866667,11793582,8355.71,41820,
2021-07-19,IOC,EQ,70.500000,71.933333,70.066667,70.633333,70.733333,17532862,12455.87,67078,
2021-07-20,IOC,EQ,70.733333,71.200000,69.700000,70.400000,70.633333,19243816,13546.54,69381,
2021-07-22,IOC,EQ,71.000000,71.333333,70.133333,71.133333,70.400000,16258848,11498.05,66023,
2021-07-23,IOC,EQ,71.133333,71.466667,70.300000,70.666667,71.133333,10996716,7775.11,60730,
2021-07-26,IOC,EQ,70.666667,70.833333,69.666667,69.766667,70.666667,10937572,7670.06,44756,
2021-07-27,IOC,EQ,69.833333,70.233333,68.833333,69.300000,69.766667,11591373,8055.08,48587,
2021-07-28,IOC,EQ,69.333333,69.833333,68.733333,69.333333,69.300000,13733836,9511.96,51871,
2021-07-29,IOC,EQ,69.500000,69.666667,68.800000,69.266667,69.333333,15139800,10477.73,49982,
2021-07-30,IOC,EQ,69.500000,70.866667,68.600000,68.766667,69.266667,39367890,27328.25,100556,
2021-08-02,IOC,EQ,69.666667,70.566667,69.100000,70.333333,68.766667,19968908,13985.00,67438,
2021-08-03,IOC,EQ,70.666667,71.000000,70.200000,70.766667,70.333333,15159726,10722.42,59524,
2021-08-04,IOC,EQ,71.000000,71.666667,69.933333,70.200000,70.766667,17376740,12288.31,59105,
2021-08-05,IOC,EQ,69.666667,69.866667,68.366667,69.300000,70.200000,20246398,13978.93,55167,
2021-08-06,IOC,EQ,69.300000,70.833333,69.200000,70.600000,69.300000,13803814,9727.13,45219,
2021-08-09,IOC,EQ,70.800000,70.966667,69.300000,69.600000,70.600000,12460222,8728.20,55782,
2021-08-10,IOC,EQ,69.933333,69.933333,67.933333,68.166667,69.600000,12318604,8484.63,47327,
2021-08-11,IOC,EQ,68.533333,69.966667,68.200000,69.766667,68.166667,16287054,11238.97,57482,
2021-08-12,IOC,EQ,69.766667,70.333333,69.166667,69.400000,69.766667,13442644,9378.73,50140,
2021-08-13,IOC,EQ,69.333333,70.000000,69.166667,69.766667,69.400000,10050326,7000.82,39646,
2021-08-16,IOC,EQ,69.833333,71.633333,69.533333,71.466667,69.766667,32819128,23162.31,79388,
2021-08-17,IOC,EQ,71.533333,72.166667,69.800000,70.466667,71.466667,25693791,18225.54,75062,
2021-08-18,IOC,EQ,70.933333,71.000000,69.800000,70.800000,70.466667,18888795,13314.23,52121,
2021-08-20,IOC,EQ,70.300000,70.333333,68.666667,69.000000,70.800000,15736258,10906.48,54616,
2021-08-23,IOC,EQ,69.933333,69.933333,68.133333,68.666667,69.000000,10432124,7182.82,38707,
2021-08-24,IOC,EQ,69.266667,70.800000,69.100000,70.600000,68.666667,17847588,12522.39,53238,
2021-08-25,IOC,EQ,71.000000,71.300000,70.266667,70.733333,70.600000,11312487,8008.40,40595,
2021-08-26,IOC,EQ,70.600000,70.700000,69.800000,70.400000,70.733333,11929700,8373.05,31877,
2021-08-27,IOC,EQ,70.500000,70.966667,70.200000,70.633333,70.400000,8356208,5898.82,30939,
2021-08-30,IOC,EQ,70.933333,72.133333,70.733333,71.566667,70.633333,19240269,13741.44,51929,
2021-08-31,IOC,EQ,72.000000,74.200000,71.600000,73.900000,71.566667,33485408,24508.61,87810,
2021-09-01,IOC,EQ,74.000000,74.466667,73.066667,73.833333,73.900000,17700178,13059.10,53029,
2021-09-02,IOC,EQ,73.200000,73.566667,72.666667,73.433333,73.833333,17265598,12641.02,70082,
2021-09-03,IOC,EQ,73.800000,75.666667,73.400000,75.400000,73.433333,22906791,17158.74,71313,
2021-09-06,IOC,EQ,75.833333,75.866667,74.166667,74.400000,75.400000,11302936,8452.57,43890,
2021-09-07,IOC,EQ,74.400000,74.966667,73.800000,74.566667,74.400000,11374724,8461.65,35893,
2021-09-08,IOC,EQ,74.066667,75.266667,74.066667,75.066667,74.566667,12497222,9353.04,45984,
2021-09-09,IOC,EQ,75.100000,76.433333,74.933333,75.200000,75.066667,19983878,15110.44,62703,
2021-09-13,IOC,EQ,75.200000,76.166667,75.000000,76.000000,75.200000,13133424,9925.90,49194,
2021-09-14,IOC,EQ,76.000000,77.266667,76.000000,76.833333,76.000000,13852611,10635.40,54010,
2021-09-15,IOC,EQ,76.966667,77.900000,76.800000,77.600000,76.833333,19025859,14745.57,55201,
2021-09-16,IOC,EQ,77.800000,79.333333,77.433333,78.900000,77.600000,21129102,16580.49,72924,
2021-09-17,IOC,EQ,79.133333,79.633333,77.400000,78.833333,78.900000,52041975,40973.75,78075,
2021-09-20,IOC,EQ,77.666667,78.466667,76.266667,76.400000,78.833333,13756386,10628.04,48199,
2021-09-21,IOC,EQ,76.366667,77.100000,75.566667,76.666667,76.400000,14070891,10749.94,44478,
2021-09-22,IOC,EQ,76.700000,77.866667,76.700000,77.633333,76.666667,11751878,9095.58,42434,
2021-09-23,IOC,EQ,78.000000,79.100000,77.866667,78.666667,77.633333,13392398,10490.14,59076,
2021-09-24,IOC,EQ,78.666667,79.300000,77.333333,78.166667,78.666667,11883868,9292.17,42079,
2021-09-27,IOC,EQ,78.766667,79.233333,78.333333,79.100000,78.166667,14908830,11754.23,45897,
2021-09-28,IOC,EQ,79.133333,82.600000,79.133333,81.966667,79.100000,30580264,24871.89,100551,
2021-09-29,IOC,EQ,81.500000,85.333333,81.333333,84.966667,81.966667,29772804,25052.28,99284,
2021-09-30,IOC,EQ,84.966667,85.666667,82.900000,83.533333,84.966667,17995564,15123.58,66677,
2021-10-01,IOC,EQ,83.766667,85.900000,83.333333,84.933333,83.533333,20085250,16983.18,76913,
2021-10-04,IOC,EQ,85.200000,85.566667,83.666667,84.166667,84.933333,11345266,9568.95,53230,
2021-10-05,IOC,EQ,84.166667,87.066667,84.166667,86.600000,84.166667,30310881,26188.27,104792,
2021-10-06,IOC,EQ,87.266667,89.933333,86.233333,86.733333,86.600000,38136735,33438.07,122022,
2021-10-07,IOC,EQ,87.000000,88.600000,86.566667,88.166667,86.733333,19049433,16743.20,82297,
2021-10-08,IOC,EQ,89.033333,89.633333,87.233333,87.866667,88.166667,13639896,12034.99,55985,
2021-10-11,IOC,EQ,88.100000,89.300000,87.466667,87.700000,87.866667,9461720,8335.10,43023,
2021-10-12,IOC,EQ,87.900000,88.366667,86.200000,87.500000,87.700000,14989112,13069.83,52673,
2021-10-13,IOC,EQ,87.966667,88.233333,86.866667,87.500000,87.500000,13747222,12053.15,59359,
2021-10-14,IOC,EQ,88.000000,90.333333,87.333333,89.600000,87.500000,21061104,18837.05,95227,
2021-10-18,IOC,EQ,93.333333,93.333333,90.466667,90.900000,89.600000,22145724,20237.19,73512,
2021-10-19,IOC,EQ,91.100000,91.500000,88.900000,89.200000,90.900000,15474921,13944.73,45078,
2021-10-20,IOC,EQ,88.800000,89.533333,86.433333,87.033333,89.200000,16132832,14129.30,64884,
2021-10-21,IOC,EQ,88.033333,90.333333,87.133333,87.766667,87.033333,27519956,24473.40,107457,
2021-10-22,IOC,EQ,88.366667,89.100000,86.666667,87.133333,87.766667,16376906,14333.41,80528,
2021-10-25,IOC,EQ,87.733333,88.266667,85.633333,86.966667,87.133333,15055838,13115.00,55185,
2021-10-26,IOC,EQ,87.333333,88.266667,86.700000,87.666667,86.966667,15198604,13307.69,59531,
2021-10-27,IOC,EQ,87.833333,88.666667,86.833333,87.200000,87.666667,13412194,11772.63,50203,
2021-10-28,IOC,EQ,87.200000,87.600000,85.166667,85.766667,87.200000,13901230,11963.06,56329,
2021-10-29,IOC,EQ,85.333333,86.666667,84.300000,85.300000,85.766667,12613388,10795.48,49866,
2021-11-01,IOC,EQ,88.066667,88.566667,84.400000,87.766667,85.300000,26818700,23146.50,92592,
2021-11-02,IOC,EQ,88.366667,88.666667,87.033333,87.200000,87.766667,14533176,12748.36,57422,
2021-11-03,IOC,EQ,87.200000,90.000000,86.933333,88.366667,87.200000,31141038,27615.56,106754,
2021-11-08,IOC,EQ,90.000000,93.933333,89.500000,93.633333,89.766667,37249700,34408.32,123764,
2021-11-09,IOC,EQ,94.300000,94.333333,92.633333,93.133333,93.633333,19382632,18061.42,75191,
2021-11-10,IOC,EQ,92.933333,94.200000,92.466667,92.966667,93.133333,15366904,14335.45,81264,
2021-11-11,IOC,EQ,89.433333,90.400000,88.400000,88.866667,92.966667,19049466,17016.10,118358,
2021-11-12,IOC,EQ,89.333333,89.866667,88.033333,88.633333,88.866667,14255042,12651.53,54366,
2021-11-15,IOC,EQ,88.833333,89.433333,88.000000,88.566667,88.633333,8808998,7800.26,50371,
2021-11-16,IOC,EQ,88.933333,89.000000,87.100000,87.333333,88.566667,9738892,8548.30,47363,
2021-11-17,IOC,EQ,87.266667,87.600000,85.433333,85.633333,87.333333,9331352,8054.45,47814,
2021-11-18,IOC,EQ,85.633333,86.833333,85.066667,86.233333,85.633333,10891344,9373.15,62642,
2021-11-22,IOC,EQ,86.366667,86.600000,82.700000,83.000000,86.233333,11624364,9767.17,67153,
2021-11-23,IOC,EQ,82.666667,84.566667,82.500000,84.100000,83.000000,18446718,15440.85,62370,
2021-11-24,IOC,EQ,84.466667,86.200000,84.266667,85.066667,84.100000,12152408,10376.66,85391,
2021-11-25,IOC,EQ,85.066667,85.333333,83.000000,83.766667,85.066667,9581943,8027.38,72471,
2021-11-26,IOC,EQ,83.733333,83.733333,80.333333,80.633333,83.766667,11587932,9457.60,73424,
2021-11-29,IOC,EQ,79.700000,80.633333,78.566667,79.200000,80.633333,15803560,12569.79,62706,
2021-11-30,IOC,EQ,79.333333,80.600000,78.566667,79.300000,79.200000,27563894,21899.82,95194,
2021-12-01,IOC,EQ,79.766667,79.966667,77.666667,78.466667,79.300000,19871666,15606.94,65854,
2021-12-02,IOC,EQ,78.666667,80.733333,78.600000,80.433333,78.466667,20686078,16570.61,86978,
2021-12-03,IOC,EQ,80.666667,81.900000,80.500000,81.466667,80.433333,14866089,12091.04,62657,
2021-12-06,IOC,EQ,81.633333,82.066667,80.333333,80.633333,81.466667,9379269,7588.39,50674,
2021-12-07,IOC,EQ,81.200000,82.233333,80.166667,80.400000,80.633333,14464680,11726.68,65633,
2021-12-08,IOC,EQ,81.100000,81.700000,80.000000,80.266667,80.400000,14700338,11866.38,68902,
2021-12-09,IOC,EQ,80.666667,81.000000,79.633333,79.800000,80.266667,19297434,15479.46,84012,
2021-12-10,IOC,EQ,80.000000,80.866667,79.733333,80.033333,79.800000,20332264,16304.17,58724,
2021-12-13,IOC,EQ,80.666667,80.866667,78.566667,78.866667,80.033333,20362046,16204.50,62442,
2021-12-14,IOC,EQ,79.333333,79.466667,78.100000,78.600000,78.866667,17422254,13721.65,66250,
2021-12-15,IOC,EQ,78.466667,78.933333,77.000000,77.133333,78.600000,17936938,13934.28,75500,
2021-12-16,IOC,EQ,77.800000,78.100000,76.966667,77.166667,77.133333,15950560,12346.91,55784,
2021-12-17,IOC,EQ,77.300000,77.333333,74.900000,75.233333,77.166667,17648721,13345.66,77434,
2021-12-20,IOC,EQ,74.666667,75.000000,72.100000,72.500000,75.233333,17713881,12939.99,91106,
2021-12-21,IOC,EQ,73.000000,73.533333,72.433333,73.000000,72.500000,12582459,9186.68,70768,
2021-12-22,IOC,EQ,73.366667,73.366667,72.166667,72.700000,73.000000,16343984,11881.03,66254,
2021-12-23,IOC,EQ,73.266667,74.966667,73.133333,74.766667,72.700000,15427636,11493.50,70909,
2021-12-24,IOC,EQ,75.633333,75.666667,73.200000,73.500000,74.766667,17403219,12880.12,65246,
2021-12-27,IOC,EQ,73.466667,74.000000,72.700000,73.833333,73.500000,6689944,4916.09,47352,
2021-12-28,IOC,EQ,74.166667,75.000000,74.133333,74.866667,73.833333,8475690,6320.73,35867,
2021-12-29,IOC,EQ,74.933333,75.000000,74.000000,74.333333,74.866667,6332934,4711.53,43406,
2021-12-30,IOC,EQ,74.333333,74.500000,73.266667,73.700000,74.333333,8269432,6090.23,44565,
2021-12-31,IOC,EQ,73.733333,75.066667,73.733333,74.333333,73.700000,8717972,6491.51,43408,
2022-01-03,IOC,EQ,74.333333,75.533333,74.233333,75.300000,74.333333,10026562,7517.72,44749,
2022-01-04,IOC,EQ,75.800000,76.600000,75.500000,76.033333,75.300000,8322088,6322.35,46544,
2022-01-05,IOC,EQ,76.033333,78.300000,75.866667,78.166667,76.033333,21374004,16607.97,80931,
2022-01-06,IOC,EQ,78.200000,78.433333,75.366667,78.166667,78.166667,10795557,8392.90,47103,
2022-01-07,IOC,EQ,78.433333,79.466667,77.966667,79.000000,78.166667,11303518,8911.97,53391,
2022-01-10,IOC,EQ,79.333333,80.100000,78.866667,79.800000,79.000000,9923601,7906.08,50002,
2022-01-11,IOC,EQ,80.300000,80.300000,78.800000,79.066667,79.800000,8919054,7068.38,52660,
2022-01-12,IOC,EQ,79.466667,80.000000,78.900000,79.433333,79.066667,10748385,8528.26,67073,
2022-01-13,IOC,EQ,79.766667,81.000000,79.233333,80.766667,79.433333,12559629,10066.25,74605,
2022-01-14,IOC,EQ,81.000000,82.933333,80.900000,82.200000,80.766667,22431008,18427.00,88644,
2022-01-17,IOC,EQ,83.333333,83.333333,82.133333,82.500000,82.200000,14548522,12015.11,69852,
2022-01-18,IOC,EQ,82.800000,83.700000,82.233333,82.633333,82.500000,21395780,17772.56,78084,
2022-01-19,IOC,EQ,82.400000,83.733333,82.000000,83.400000,82.633333,14870110,12378.97,71338,
2022-01-20,IOC,EQ,83.400000,83.966667,82.900000,83.666667,83.400000,10007508,8357.61,59260,
2022-01-21,IOC,EQ,82.666667,83.666667,80.500000,81.133333,83.666667,14728332,12058.69,73983,
2022-01-24,IOC,EQ,80.666667,81.633333,79.933333,80.233333,81.133333,19665838,15923.29,75312,
2022-01-25,IOC,EQ,80.133333,81.133333,79.533333,80.966667,80.233333,9651480,7764.24,59476,
2022-01-27,IOC,EQ,80.600000,82.500000,79.866667,81.800000,80.966667,12890338,10478.96,93417,
2022-01-28,IOC,EQ,82.200000,84.700000,82.200000,82.733333,81.800000,14995070,12534.29,71908,
2022-01-31,IOC,EQ,84.466667,85.333333,82.800000,83.466667,82.733333,19787082,16646.13,91256,
2022-02-01,IOC,EQ,84.000000,84.000000,79.666667,81.166667,83.466667,34627617,28112.24,115679,
2022-02-02,IOC,EQ,81.666667,83.300000,81.466667,82.966667,81.166667,14749194,12146.70,74143,
2022-02-03,IOC,EQ,83.600000,83.900000,82.766667,83.100000,82.966667,13117138,10918.20,70072,
2022-02-04,IOC,EQ,83.266667,83.566667,82.466667,82.766667,83.100000,10723602,8898.76,57670,
2022-02-07,IOC,EQ,83.000000,83.066667,81.666667,81.933333,82.766667,13452374,11045.86,61392,
2022-02-08,IOC,EQ,82.066667,82.366667,80.000000,80.900000,81.933333,23545662,19007.53,80230,
2022-02-09,IOC,EQ,79.000000,81.133333,78.500000,80.700000,80.900000,17581473,14103.91,75334,
2022-02-10,IOC,EQ,80.733333,80.966667,79.766667,79.966667,80.700000,18120168,14553.07,86201,
2022-02-11,IOC,EQ,79.666667,81.766667,79.366667,81.366667,79.966667,26486850,21467.03,95763,
2022-02-14,IOC,EQ,80.666667,80.666667,77.433333,77.700000,81.366667,16463770,13009.59,101414,
2022-02-15,IOC,EQ,78.000000,79.333333,76.333333,79.166667,77.700000,12978224,10095.24,78883,
2022-02-16,IOC,EQ,79.500000,81.466667,79.500000,81.000000,79.166667,17673190,14262.15,64566,
2022-02-17,IOC,EQ,81.900000,82.633333,80.333333,80.933333,81.000000,16774602,13671.23,59075,
2022-02-18,IOC,EQ,80.933333,81.533333,80.400000,80.766667,80.933333,7978566,6454.42,36910,
2022-02-21,IOC,EQ,80.000000,80.766667,79.066667,79.466667,80.766667,8595442,6864.62,48355,
2022-02-22,IOC,EQ,78.000000,79.100000,77.666667,78.066667,79.466667,11409610,8923.12,84228,
2022-02-23,IOC,EQ,78.533333,78.866667,77.666667,78.100000,78.066667,8525216,6673.04,53945,
2022-02-24,IOC,EQ,76.633333,77.466667,72.866667,73.333333,78.100000,19848141,14929.92,118310,
2022-02-25,IOC,EQ,75.333333,79.000000,74.000000,74.900000,73.333333,28048713,21054.88,119965,
2022-02-28,IOC,EQ,75.200000,77.466667,73.733333,76.666667,74.900000,24781798,18729.06,88091,
2022-03-02,IOC,EQ,75.833333,77.600000,74.300000,74.833333,76.666667,22390246,16941.74,102730,
2022-03-03,IOC,EQ,76.666667,77.666667,75.333333,76.433333,74.833333,28291584,21668.29,144090,
2022-03-04,IOC,EQ,76.633333,76.933333,75.200000,75.500000,76.433333,25005861,18921.46,99814,
2022-03-07,IOC,EQ,75.966667,75.966667,74.133333,74.833333,75.500000,25392554,19040.02,134556,
2022-03-08,IOC,EQ,74.666667,78.500000,74.400000,78.033333,74.833333,33483860,25557.00,129741,
2022-03-09,IOC,EQ,79.266667,79.266667,77.200000,77.966667,78.033333,23476054,18284.95,100110,
2022-03-10,IOC,EQ,79.366667,80.933333,78.466667,80.633333,77.966667,27592384,22130.45,106391,
2022-03-11,IOC,EQ,80.533333,82.933333,80.266667,82.466667,80.633333,18598244,15160.98,78003,
2022-03-14,IOC,EQ,83.233333,83.233333,80.033333,80.533333,82.466667,22317814,18029.45,92848,
2022-03-15,IOC,EQ,80.533333,80.700000,78.800000,79.333333,80.533333,16501842,13143.45,68540,
2022-03-16,IOC,EQ,80.200000,81.733333,79.633333,81.300000,79.333333,15176752,12200.02,62101,
2022-03-17,IOC,EQ,81.600000,81.933333,80.066667,80.900000,81.300000,41700111,33664.03,89691,
2022-03-21,IOC,EQ,81.200000,81.200000,78.533333,78.666667,80.900000,18166521,14429.43,79471,
2022-03-22,IOC,EQ,79.333333,81.233333,79.000000,80.433333,78.666667,30929289,24794.68,137739,
2022-03-23,IOC,EQ,81.233333,82.000000,80.433333,81.133333,80.433333,25271163,20454.47,74770,
2022-03-24,IOC,EQ,81.200000,81.433333,80.233333,80.400000,81.133333,12377631,9998.37,51573,
2022-03-25,IOC,EQ,80.033333,80.566667,79.066667,79.200000,80.400000,12238472,9734.46,55234,
2022-03-28,IOC,EQ,79.600000,80.466667,78.466667,79.966667,79.200000,15342876,12210.95,57928,
2022-03-29,IOC,EQ,80.200000,80.866667,78.666667,78.866667,79.966667,14627074,11642.50,62540,
2022-03-30,IOC,EQ,79.800000,79.800000,77.400000,78.133333,78.866667,159640347,124774.30,134959,
2022-03-31,IOC,EQ,78.666667,80.633333,78.666667,79.300000,78.133333,31701618,25268.48,89044,
2022-04-01,IOC,EQ,79.400000,81.633333,79.333333,81.400000,79.300000,16052676,12936.66,54299,
2022-04-04,IOC,EQ,81.400000,82.000000,81.133333,81.533333,81.400000,14095200,11492.83,52181,
2022-04-05,IOC,EQ,81.866667,82.333333,81.566667,81.766667,81.533333,13071195,10715.29,57042,
2022-04-06,IOC,EQ,81.633333,84.266667,81.000000,84.033333,81.766667,23580340,19618.20,80752,
2022-04-07,IOC,EQ,82.866667,84.500000,82.166667,82.366667,84.033333,30238785,25183.19,68599,
2022-04-08,IOC,EQ,83.266667,85.000000,82.700000,84.633333,82.366667,21699732,18223.69,69158,
2022-04-11,IOC,EQ,84.600000,86.300000,84.400000,85.900000,84.633333,19137452,16398.67,78563,
2022-04-12,IOC,EQ,85.633333,85.866667,83.466667,84.033333,85.900000,14583674,12326.14,62624,
2022-04-13,IOC,EQ,84.033333,86.000000,83.766667,85.266667,84.033333,17675811,15090.49,45562,
2022-04-18,IOC,EQ,85.133333,85.666667,84.333333,85.400000,85.266667,17471850,14893.90,54170,
2022-04-19,IOC,EQ,86.200000,88.666667,85.666667,86.866667,85.400000,30183165,26387.90,96217,
2022-04-20,IOC,EQ,87.333333,89.533333,87.100000,88.933333,86.866667,28690066,25448.98,81842,
2022-04-21,IOC,EQ,89.633333,90.266667,88.933333,90.033333,88.933333,22154312,19873.40,68365,
2022-04-22,IOC,EQ,89.933333,90.700000,89.233333,89.566667,90.033333,13678113,12289.23,44257,
2022-04-25,IOC,EQ,88.533333,88.633333,84.933333,85.166667,89.566667,16604310,14300.56,60697,
2022-04-26,IOC,EQ,86.266667,86.666667,85.166667,86.033333,85.166667,14133414,12146.20,44243,
2022-04-27,IOC,EQ,85.066667,86.000000,83.400000,84.900000,86.033333,14967738,12617.66,56171,
2022-04-28,IOC,EQ,86.333333,86.833333,85.066667,86.633333,84.900000,15773589,13569.63,56633,
2022-04-29,IOC,EQ,87.600000,87.600000,83.733333,84.000000,86.633333,13013304,11109.02,45166,
2022-05-02,IOC,EQ,83.966667,84.866667,82.666667,84.433333,84.000000,8623737,7225.62,41979,
2022-05-04,IOC,EQ,84.566667,85.800000,83.400000,83.900000,84.433333,8118435,6871.74,46075,
2022-05-05,IOC,EQ,84.666667,85.433333,83.466667,83.800000,83.900000,8015140,6780.11,34110,
2022-05-06,IOC,EQ,83.333333,85.166667,81.733333,84.166667,83.800000,13680674,11407.33,41844,
2022-05-09,IOC,EQ,83.766667,83.766667,80.900000,82.666667,84.166667,12361746,10170.18,51228,
2022-05-10,IOC,EQ,82.933333,84.200000,80.833333,81.333333,82.666667,15563373,12823.39,57710,
2022-05-11,IOC,EQ,82.266667,82.933333,79.233333,80.300000,81.333333,14615373,11836.49,65653,
2022-05-12,IOC,EQ,80.300000,82.666667,79.700000,81.400000,80.300000,30617643,24753.06,104563,
2022-05-13,IOC,EQ,83.333333,83.500000,80.466667,80.866667,81.400000,22601469,18611.47,88052,
2022-05-16,IOC,EQ,82.666667,82.666667,80.433333,81.400000,80.866667,12566889,10241.31,44610,
2022-05-17,IOC,EQ,84.000000,84.000000,81.066667,82.933333,81.400000,27391533,22491.80,85500,
2022-05-18,IOC,EQ,82.666667,82.933333,78.500000,78.700000,82.933333,64902470,51684.52,223500,
2022-05-19,IOC,EQ,78.000000,78.933333,77.000000,78.166667,78.700000,21865050,16959.04,94488,
2022-05-20,IOC,EQ,79.333333,79.466667,77.433333,77.966667,78.166667,24237945,18930.70,82106,
2022-05-23,IOC,EQ,78.400000,79.066667,77.800000,78.466667,77.966667,17487906,13697.22,61326,
2022-05-24,IOC,EQ,78.466667,79.733333,78.133333,79.133333,78.466667,18454173,14584.87,61276,
2022-05-25,IOC,EQ,79.533333,79.633333,76.133333,76.533333,79.133333,17317286,13383.15,71018,
2022-05-26,IOC,EQ,76.666667,77.200000,74.566667,76.133333,76.533333,23782918,17999.06,77629,
2022-05-27,IOC,EQ,76.933333,77.033333,75.433333,76.100000,76.133333,11616970,8837.61,51227,
2022-05-30,IOC,EQ,76.833333,77.500000,76.033333,77.400000,76.100000,12222628,9383.70,46742,
2022-05-31,IOC,EQ,77.133333,78.333333,77.000000,77.333333,77.400000,19925846,15441.73,52490,
2022-06-01,IOC,EQ,78.000000,79.366667,77.833333,78.800000,77.333333,16686021,13147.64,59430,
2022-06-02,IOC,EQ,79.233333,79.500000,77.333333,78.433333,78.800000,16274652,12735.97,55694,
2022-06-03,IOC,EQ,78.700000,79.333333,78.566667,78.866667,78.433333,13564659,10705.86,47679,
2022-06-06,IOC,EQ,78.866667,79.066667,77.633333,78.366667,78.866667,12162842,9511.09,59380,
2022-06-07,IOC,EQ,78.233333,79.666667,77.766667,78.800000,78.366667,14801012,11679.92,54090,
2022-06-08,IOC,EQ,79.100000,79.433333,78.433333,78.666667,78.800000,12953038,10230.35,44045,
2022-06-09,IOC,EQ,78.666667,80.466667,77.933333,78.866667,78.666667,32112393,25404.53,68347,
2022-06-10,IOC,EQ,78.600000,78.666667,77.666667,78.166667,78.866667,16173466,12637.62,43944,
2022-06-13,IOC,EQ,77.533333,77.533333,75.366667,75.733333,78.166667,15123129,11501.34,63622,
2022-06-14,IOC,EQ,75.700000,76.000000,73.366667,73.500000,75.733333,23524400,17489.09,91875,
2022-06-15,IOC,EQ,74.000000,74.000000,72.200000,72.800000,73.500000,14386730,10479.07,57936,
2022-06-16,IOC,EQ,73.700000,73.800000,71.666667,72.100000,72.800000,14897512,10810.85,58083,
2022-06-17,IOC,EQ,72.000000,72.000000,69.033333,69.466667,72.100000,23651414,16611.87,91472,
2022-06-20,IOC,EQ,70.066667,70.300000,67.700000,68.700000,69.466667,19163382,13172.70,68144,
2022-06-21,IOC,EQ,69.366667,70.833333,69.033333,70.500000,68.700000,14169558,9922.34,65776,
2022-06-22,IOC,EQ,70.633333,71.066667,69.066667,70.366667,70.500000,18641673,13087.51,59939,
2022-06-23,IOC,EQ,70.666667,71.733333,70.100000,71.533333,70.366667,16579252,11779.91,47847,
2022-06-24,IOC,EQ,71.733333,72.433333,71.533333,72.333333,71.533333,11807979,8503.95,54810,
2022-06-27,IOC,EQ,73.333333,73.900000,72.533333,73.033333,72.333333,17830736,13044.86,59099,
2022-06-28,IOC,EQ,73.000000,73.766667,71.700000,72.200000,73.033333,22631172,16456.97,89348,
2022-06-29,IOC,EQ,72.400000,73.366667,72.000000,73.200000,72.200000,18903900,13767.43,74430,
2022-06-30,IOC,EQ,73.950000,76.000000,73.700000,74.250000,109.800000,34424950,25709.71,176395,
2022-07-01,IOC,EQ,75.000000,75.150000,72.850000,74.550000,74.250000,22029311,16299.15,96564,
2022-07-04,IOC,EQ,74.700000,74.700000,73.300000,74.350000,74.550000,12798384,9474.55,80732,
2022-07-05,IOC,EQ,74.500000,74.500000,73.400000,73.600000,74.350000,17464685,12917.99,76067,
2022-07-06,IOC,EQ,74.000000,74.600000,72.250000,72.600000,73.600000,21856830,15956.57,107106,
2022-07-07,IOC,EQ,73.300000,73.300000,72.150000,72.700000,72.600000,17846046,12991.67,78483,
2022-07-08,IOC,EQ,73.000000,73.250000,72.200000,72.700000,72.700000,11692575,8490.81,71963,
2022-07-11,IOC,EQ,72.700000,72.850000,72.050000,72.550000,72.700000,11548617,8360.41,61557,
2022-07-12,IOC,EQ,72.450000,72.500000,70.400000,70.650000,72.550000,16729806,11916.80,91980,
2022-07-13,IOC,EQ,70.650000,70.950000,70.250000,70.400000,70.650000,13704386,9662.65,53656,
2022-07-14,IOC,EQ,70.400000,71.000000,70.200000,70.750000,70.400000,8917897,6294.75,52141,
2022-07-15,IOC,EQ,70.700000,71.100000,70.000000,70.350000,70.750000,7310057,5139.33,41800,
2022-07-18,IOC,EQ,70.700000,71.250000,70.350000,71.150000,70.350000,6697658,4744.62,48912,
2022-07-19,IOC,EQ,71.250000,72.150000,71.000000,72.000000,71.150000,7585011,5433.64,39197,
2022-07-20,IOC,EQ,73.000000,73.100000,72.200000,72.350000,72.000000,10590222,7695.90,55125,
2022-07-21,IOC,EQ,72.350000,72.750000,71.350000,72.550000,72.350000,9537111,6903.92,49209,
2022-07-22,IOC,EQ,72.900000,72.950000,72.000000,72.150000,72.550000,8740051,6316.98,60175,
2022-07-25,IOC,EQ,72.200000,72.350000,71.250000,72.100000,72.150000,10124538,7274.64,36136,
2022-07-26,IOC,EQ,72.100000,72.150000,71.450000,71.650000,72.100000,8202210,5881.73,41358,
2022-07-27,IOC,EQ,71.750000,72.300000,71.400000,72.100000,71.650000,8726504,6273.43,48104,
2022-07-28,IOC,EQ,72.050000,72.650000,71.900000,72.050000,72.100000,11715079,8457.91,55029,
2022-07-29,IOC,EQ,72.500000,73.250000,72.250000,72.950000,72.050000,16983013,12361.41,62587,
2022-08-01,IOC,EQ,72.500000,72.500000,70.800000,71.100000,72.950000,30168751,21491.14,120970,
2022-08-02,IOC,EQ,71.400000,72.100000,71.250000,71.950000,71.100000,15655719,11241.86,68551,
2022-08-03,IOC,EQ,72.300000,72.400000,70.750000,71.000000,71.950000,18893830,13473.94,73334,
2022-08-04,IOC,EQ,71.500000,71.600000,70.550000,71.200000,71.000000,25024630,17753.37,86170,
2022-08-05,IOC,EQ,71.450000,73.300000,70.900000,73.100000,71.200000,48935830,35074.25,78100,
2022-08-10,IOC,EQ,73.650000,73.700000,72.400000,72.500000,73.350000,29085499,21141.56,59593,
2022-08-11,IOC,EQ,71.350000,71.350000,70.600000,70.950000,72.500000,16670568,11831.70,65470,
2022-08-12,IOC,EQ,70.950000,71.700000,70.800000,71.550000,70.950000,12294928,8778.25,41696,
2022-08-16,IOC,EQ,71.750000,73.250000,71.250000,73.150000,71.550000,26772067,19396.70,88182,
2022-08-17,IOC,EQ,73.300000,73.800000,73.200000,73.350000,73.150000,18542371,13613.70,63451,
2022-08-18,IOC,EQ,73.500000,73.650000,72.450000,72.650000,73.350000,18850835,13728.53,55240,
2022-08-19,IOC,EQ,72.650000,72.750000,71.800000,72.150000,72.650000,13357442,9644.18,51416,
2022-08-22,IOC,EQ,72.100000,72.150000,70.900000,71.300000,72.150000,13714233,9778.28,57669,
2022-08-23,IOC,EQ,70.800000,71.600000,70.750000,71.050000,71.300000,11581331,8235.32,48409,
2022-08-24,IOC,EQ,71.250000,71.450000,70.250000,70.550000,71.050000,19584234,13846.54,68844,
2022-08-25,IOC,EQ,70.900000,71.950000,70.800000,71.450000,70.550000,13090152,9357.98,41654,
2022-08-26,IOC,EQ,71.850000,72.300000,71.700000,71.900000,71.450000,10546886,7590.68,37692,
2022-08-29,IOC,EQ,71.150000,71.450000,70.350000,71.050000,71.900000,14387511,10202.99,51836,
2022-08-30,IOC,EQ,71.450000,71.850000,71.350000,71.500000,71.050000,14284488,10219.14,40746,
2022-09-01,IOC,EQ,71.000000,71.500000,70.800000,71.150000,71.500000,17854146,12695.19,47916,
2022-09-02,IOC,EQ,71.450000,71.550000,70.850000,71.300000,71.150000,13349456,9499.52,44574,
2022-09-05,IOC,EQ,71.500000,71.650000,70.850000,70.950000,71.300000,11658725,8285.69,54559,
2022-09-06,IOC,EQ,71.150000,71.200000,70.600000,70.700000,70.950000,10545363,7475.89,48283,
2022-09-07,IOC,EQ,70.800000,71.550000,70.700000,71.400000,70.700000,19254652,13689.58,51294,
2022-09-08,IOC,EQ,71.900000,73.750000,71.800000,73.050000,71.400000,24401527,17765.78,59646,
2022-09-09,IOC,EQ,73.300000,73.400000,72.350000,72.550000,73.050000,9906299,7205.36,53857,
2022-09-12,IOC,EQ,72.850000,72.950000,71.950000,72.650000,72.550000,21463828,15518.19,102959,
2022-09-13,IOC,EQ,73.050000,73.100000,72.000000,72.250000,72.650000,11555561,8376.88,50668,
2022-09-14,IOC,EQ,71.950000,72.250000,71.600000,71.800000,72.250000,9024753,6495.25,40025,
2022-09-15,IOC,EQ,72.000000,72.200000,71.300000,71.550000,71.800000,9985561,7174.84,43577,
2022-09-16,IOC,EQ,71.550000,71.700000,69.500000,69.950000,71.550000,25993505,18292.37,97448,
2022-09-19,IOC,EQ,70.250000,70.400000,69.600000,69.650000,69.950000,13595148,9502.24,76883,
2022-09-20,IOC,EQ,70.000000,70.150000,69.050000,69.100000,69.650000,20693245,14367.30,94266,
2022-09-21,IOC,EQ,69.300000,69.300000,68.200000,68.450000,69.100000,24710729,17001.11,92058,
2022-09-22,IOC,EQ,68.200000,68.250000,67.500000,67.800000,68.450000,15775504,10704.53,77878,
2022-09-23,IOC,EQ,67.800000,67.950000,67.200000,67.450000,67.800000,13578280,9163.05,69973,
2022-09-26,IOC,EQ,67.200000,67.400000,65.900000,66.050000,67.450000,19194238,12754.18,93134,
2022-09-27,IOC,EQ,66.400000,67.100000,66.100000,66.750000,66.050000,14140070,9421.94,62649,
2022-09-28,IOC,EQ,66.400000,66.400000,65.550000,65.750000,66.750000,15974881,10531.88,60441,
2022-09-29,IOC,EQ,66.100000,67.300000,65.200000,65.900000,65.750000,24560255,16154.74,75315,
2022-09-30,IOC,EQ,65.950000,67.200000,65.500000,66.950000,65.900000,16041026,10696.78,51123,
2022-10-03,IOC,EQ,67.250000,68.050000,66.550000,66.700000,66.950000,13288633,8956.84,55237,
2022-10-04,IOC,EQ,68.000000,68.000000,67.100000,67.300000,66.700000,10513995,7081.99,41727,
2022-10-06,IOC,EQ,67.950000,68.100000,67.350000,67.750000,67.300000,13000167,8808.17,41980,
2022-10-07,IOC,EQ,67.650000,67.850000,67.050000,67.450000,67.750000,14879891,10048.67,50623,
2022-10-10,IOC,EQ,67.000000,67.700000,66.850000,67.550000,67.450000,9042660,6081.68,38174,
2022-10-11,IOC,EQ,67.700000,67.700000,65.800000,65.950000,67.550000,14905741,9942.14,61376,
2022-10-12,IOC,EQ,66.000000,67.850000,65.950000,67.250000,65.950000,14459865,9736.94,53389,
2022-10-13,IOC,EQ,67.300000,67.750000,66.450000,66.850000,67.250000,9890714,6618.57,35789,
2022-10-14,IOC,EQ,68.000000,68.000000,66.200000,66.300000,66.850000,10119406,6766.76,39222,
2022-10-17,IOC,EQ,66.500000,66.700000,65.550000,66.050000,66.300000,10841451,7172.79,41163,
2022-10-18,IOC,EQ,66.400000,66.800000,66.100000,66.700000,66.050000,8153819,5413.32,29902,
2022-10-19,IOC,EQ,66.800000,67.250000,66.450000,67.000000,66.700000,7157066,4793.45,30459,
2022-10-20,IOC,EQ,66.650000,68.200000,66.550000,67.850000,67.000000,19426605,13158.44,40623,
2022-10-21,IOC,EQ,67.400000,68.050000,67.200000,67.500000,67.850000,9542021,6448.36,44750,
2022-10-24,IOC,EQ,68.250000,68.450000,67.950000,68.050000,67.500000,3745316,2550.39,43621,
2022-10-25,IOC,EQ,67.850000,68.250000,67.200000,67.900000,68.050000,12609170,8563.97,40411,
2022-10-27,IOC,EQ,67.900000,68.500000,67.850000,68.300000,67.900000,10404151,7101.21,35388,
2022-10-28,IOC,EQ,68.500000,69.200000,68.050000,68.450000,68.300000,9586976,6568.23,35709,
2022-10-31,IOC,EQ,68.500000,68.800000,68.100000,68.250000,68.450000,10549071,7207.69,39799,
2022-11-01,IOC,EQ,68.400000,68.650000,68.150000,68.500000,68.250000,7840600,5364.69,36598,
2022-11-02,IOC,EQ,68.550000,69.050000,68.350000,68.600000,68.500000,6785578,4661.32,30425,
2022-11-03,IOC,EQ,68.500000,69.150000,68.500000,68.700000,68.600000,6466688,4452.41,28451,
2022-11-04,IOC,EQ,68.650000,69.000000,68.300000,68.500000,68.700000,8971834,6160.91,43117,
2022-11-07,IOC,EQ,68.850000,70.300000,68.700000,70.100000,68.500000,13032194,9074.40,45967,
2022-11-09,IOC,EQ,70.350000,70.500000,69.400000,69.550000,70.100000,10410493,7272.65,46174,
2022-11-10,IOC,EQ,69.450000,69.850000,69.400000,69.600000,69.550000,5974147,4157.00,27426,
2022-11-11,IOC,EQ,69.950000,70.000000,69.400000,69.750000,69.600000,8792244,6126.00,35032,
2022-11-14,IOC,EQ,70.000000,70.150000,68.850000,69.450000,69.750000,10222979,7106.81,37226,
2022-11-15,IOC,EQ,69.800000,69.800000,69.150000,69.600000,69.450000,6477425,4494.21,30748,
2022-11-16,IOC,EQ,69.650000,69.700000,69.050000,69.300000,69.600000,5638631,3911.04,26628,
2022-11-17,IOC,EQ,69.450000,69.700000,69.000000,69.100000,69.300000,5264089,3640.82,26425,
2022-11-18,IOC,EQ,69.350000,69.500000,68.750000,69.250000,69.100000,6231903,4307.06,26123,
2022-11-21,IOC,EQ,69.350000,70.400000,69.150000,70.050000,69.250000,14820946,10372.65,50586,
2022-11-22,IOC,EQ,70.050000,70.200000,69.450000,70.000000,70.050000,13456815,9401.45,38582,
2022-11-23,IOC,EQ,70.050000,70.300000,69.700000,69.900000,70.000000,7949141,5556.54,24989,
2022-11-24,IOC,EQ,70.150000,72.700000,70.150000,72.050000,69.900000,29444796,21130.49,71604,
2022-11-25,IOC,EQ,72.200000,73.950000,71.650000,73.350000,72.050000,22422462,16414.47,65289,
2022-11-28,IOC,EQ,73.900000,76.450000,73.900000,76.200000,73.350000,40695313,30765.79,110171,
2022-11-29,IOC,EQ,76.450000,76.700000,75.000000,75.300000,76.200000,17421133,13166.28,67069,
2022-11-30,IOC,EQ,74.500000,77.000000,74.450000,76.650000,75.300000,29122442,22184.27,68701,
2022-12-01,IOC,EQ,77.000000,77.150000,76.000000,76.200000,76.650000,15072561,11504.58,48958,
2022-12-02,IOC,EQ,76.200000,77.200000,76.000000,77.000000,76.200000,18220281,14023.44,52849,
2022-12-05,IOC,EQ,77.050000,77.700000,76.700000,77.050000,77.000000,10947250,8442.45,43916,
2022-12-06,IOC,EQ,77.000000,77.400000,75.650000,75.800000,77.050000,10369691,7897.32,42479,
2022-12-07,IOC,EQ,76.750000,77.800000,76.150000,76.700000,75.800000,20909569,16111.30,72492,
2022-12-08,IOC,EQ,77.450000,77.500000,76.500000,76.750000,76.700000,11996025,9224.15,36132,
2022-12-09,IOC,EQ,77.500000,78.350000,76.700000,77.000000,76.750000,24702723,19123.13,58231,
2022-12-12,IOC,EQ,77.000000,79.050000,76.800000,78.900000,77.000000,20455051,15962.65,64959,
2022-12-13,IOC,EQ,79.200000,79.250000,77.450000,77.750000,78.900000,16409283,12798.31,60351,
2022-12-14,IOC,EQ,77.900000,78.700000,77.550000,78.150000,77.750000,16268873,12695.28,48414,
2022-12-15,IOC,EQ,78.150000,78.500000,77.800000,78.100000,78.150000,9555282,7468.49,33933,
2022-12-16,IOC,EQ,78.250000,78.950000,76.650000,76.950000,78.100000,18672807,14485.80,61049,
2022-12-19,IOC,EQ,77.200000,78.150000,76.600000,77.950000,76.950000,12681354,9819.60,39359,
2022-12-20,IOC,EQ,77.950000,78.150000,77.050000,77.800000,77.950000,9368946,7259.17,32855,
2022-12-21,IOC,EQ,77.800000,78.150000,76.150000,76.400000,77.800000,8618706,6641.98,33898,
2022-12-22,IOC,EQ,76.400000,76.750000,74.650000,75.100000,76.400000,15215404,11443.91,52334,
2022-12-23,IOC,EQ,74.600000,75.100000,72.800000,73.000000,75.100000,15286836,11277.43,52978,
2022-12-26,IOC,EQ,73.000000,74.600000,72.350000,74.400000,73.000000,9571856,7074.45,42029,
2022-12-27,IOC,EQ,74.900000,75.200000,74.350000,75.100000,74.400000,5815217,4349.50,27063,
2022-12-28,IOC,EQ,74.850000,75.150000,74.450000,74.800000,75.100000,6599386,4936.61,27230,
2022-12-29,IOC,EQ,74.800000,75.150000,74.100000,74.750000,74.800000,10191269,7612.72,31933,
2022-12-30,IOC,EQ,75.200000,77.500000,75.200000,76.500000,74.750000,15567911,11924.27,56519,
2023-01-02,IOC,EQ,77.000000,78.550000,76.450000,78.000000,76.500000,16878293,13144.42,50327,
2023-01-03,IOC,EQ,78.000000,78.900000,77.700000,78.500000,78.000000,11509540,9025.50,46573,
2023-01-04,IOC,EQ,78.900000,79.500000,77.400000,78.100000,78.500000,11974831,9378.18,37887,
2023-01-05,IOC,EQ,78.750000,79.250000,78.350000,79.100000,78.100000,14449439,11393.98,48670,
2023-01-06,IOC,EQ,79.300000,80.800000,79.000000,80.050000,79.100000,19075518,15248.80,60620,
2023-01-09,IOC,EQ,80.850000,81.000000,79.650000,80.100000,80.050000,16438468,13199.55,53509,
2023-01-10,IOC,EQ,80.550000,80.800000,79.700000,80.600000,80.100000,11953196,9600.97,46696,
2023-01-11,IOC,EQ,80.850000,84.050000,80.600000,83.550000,80.600000,44099830,36596.35,109996,
2023-01-12,IOC,EQ,83.750000,83.900000,81.200000,81.600000,83.550000,16440461,13441.83,64953,
2023-01-13,IOC,EQ,81.550000,82.450000,81.100000,82.300000,81.600000,8018070,6580.10,35484,
2023-01-16,IOC,EQ,82.450000,82.700000,81.750000,82.250000,82.300000,9367702,7698.83,31479,
2023-01-17,IOC,EQ,82.300000,82.700000,81.000000,81.600000,82.250000,8776414,7168.48,37505,
2023-01-18,IOC,EQ,81.450000,82.900000,81.250000,82.150000,81.600000,7980164,6550.78,39334,
2023-01-19,IOC,EQ,82.150000,83.400000,81.900000,83.250000,82.150000,9857262,8170.87,36903,
2023-01-20,IOC,EQ,83.200000,83.550000,82.750000,82.900000,83.250000,9411562,7829.61,34264,
2023-01-23,IOC,EQ,83.150000,83.600000,82.600000,83.450000,82.900000,6972772,5801.97,30268,
2023-01-24,IOC,EQ,83.800000,83.800000,82.700000,83.150000,83.450000,7069973,5878.31,34504,
2023-01-25,IOC,EQ,82.900000,83.400000,82.300000,82.500000,83.150000,8188678,6781.57,31526,
2023-01-27,IOC,EQ,82.550000,83.050000,80.000000,81.000000,82.500000,10838959,8784.26,45911,
2023-01-30,IOC,EQ,81.000000,82.500000,80.400000,81.750000,81.000000,10783051,8798.63,41722,
2023-01-31,IOC,EQ,82.500000,83.300000,81.150000,81.750000,81.750000,21752061,17898.99,67683,
2023-02-01,IOC,EQ,81.700000,81.950000,78.350000,79.800000,81.750000,20031377,16135.63,62410,
2023-02-02,IOC,EQ,79.600000,80.000000,78.150000,78.550000,79.800000,10817457,8530.28,48793,
2023-02-03,IOC,EQ,78.900000,78.900000,76.900000,78.450000,78.550000,11116563,8647.82,54998,
2023-02-06,IOC,EQ,78.500000,79.600000,78.100000,79.250000,78.450000,9507602,7512.37,44028,
2023-02-07,IOC,EQ,79.250000,79.750000,78.650000,79.050000,79.250000,6876198,5436.73,33029,
2023-02-08,IOC,EQ,79.000000,79.400000,78.300000,79.250000,79.050000,6093832,4808.24,31240,
2023-02-09,IOC,EQ,79.200000,80.700000,78.900000,79.600000,79.250000,8609974,6875.78,41710,
2023-02-10,IOC,EQ,79.650000,80.450000,79.500000,79.800000,79.600000,6286269,5024.67,29353,
2023-02-13,IOC,EQ,80.000000,80.250000,79.250000,79.500000,79.800000,6470826,5152.22,28510,
2023-02-14,IOC,EQ,79.450000,79.850000,78.650000,79.150000,79.500000,5013825,3966.80,26092,
2023-02-15,IOC,EQ,78.450000,79.750000,78.450000,79.500000,79.150000,3686045,2916.54,22032,
2023-02-16,IOC,EQ,79.850000,80.050000,79.200000,79.800000,79.500000,8603036,6859.67,30293,
2023-02-17,IOC,EQ,79.900000,81.050000,79.600000,80.550000,79.800000,9145422,7354.08,36360,
2023-02-20,IOC,EQ,80.700000,80.950000,79.300000,79.550000,80.550000,6867570,5495.42,29779,
2023-02-21,IOC,EQ,80.000000,80.250000,79.000000,79.200000,79.550000,4633296,3688.62,24589,
2023-02-22,IOC,EQ,78.650000,78.800000,77.100000,77.300000,79.200000,9878001,7665.80,38587,
2023-02-23,IOC,EQ,77.700000,77.900000,76.750000,77.200000,77.300000,6290065,4866.89,31281,
2023-02-24,IOC,EQ,77.500000,77.650000,77.100000,77.350000,77.200000,6103178,4720.14,23762,
2023-02-27,IOC,EQ,77.350000,77.400000,76.200000,76.850000,77.350000,6945215,5328.21,34320,
2023-02-28,IOC,EQ,76.900000,77.050000,75.800000,76.050000,76.850000,10000095,7617.05,34837,
2023-03-01,IOC,EQ,76.000000,77.200000,75.850000,76.950000,76.050000,6694749,5135.37,29947,
2023-03-02,IOC,EQ,77.000000,78.150000,76.800000,77.900000,76.950000,5273986,4098.61,29379,
2023-03-03,IOC,EQ,78.150000,78.450000,77.700000,78.200000,77.900000,5522499,4315.34,28868,
2023-03-06,IOC,EQ,78.300000,79.800000,78.050000,79.250000,78.200000,8582554,6798.37,36663,
2023-03-08,IOC,EQ,78.750000,79.350000,78.500000,79.200000,79.250000,5969771,4719.62,29412,
2023-03-09,IOC,EQ,79.300000,79.450000,78.550000,78.700000,79.200000,6135751,4846.35,30487,
2023-03-10,IOC,EQ,78.500000,79.250000,77.500000,78.900000,78.700000,6305111,4953.76,28724,
2023-03-13,IOC,EQ,78.500000,78.900000,77.650000,77.800000,78.900000,7151999,5597.90,30648,
2023-03-14,IOC,EQ,77.850000,78.100000,77.250000,77.700000,77.800000,8316642,6461.28,31323,
2023-03-15,IOC,EQ,78.250000,79.050000,78.000000,78.600000,77.700000,8183051,6436.96,33087,
2023-03-16,IOC,EQ,79.000000,80.450000,78.750000,79.900000,78.600000,27348566,21828.58,72427,
2023-03-17,IOC,EQ,80.600000,80.850000,78.850000,79.300000,79.900000,22904016,18214.74,56872,
2023-03-20,IOC,EQ,79.200000,80.700000,78.700000,80.600000,79.300000,18090005,14517.16,59921,
2023-03-21,IOC,EQ,80.800000,81.150000,79.300000,79.550000,80.600000,9942587,7932.86,37957,
2023-03-22,IOC,EQ,79.800000,79.950000,79.100000,79.600000,79.550000,8162089,6489.59,29109,
2023-03-23,IOC,EQ,79.350000,79.600000,78.800000,79.000000,79.600000,7065528,5589.36,28101,
2023-03-24,IOC,EQ,78.850000,79.200000,78.000000,78.400000,79.000000,10269895,8066.61,28918,
2023-03-27,IOC,EQ,78.000000,78.400000,76.750000,77.100000,78.400000,4845906,3765.41,35367,
2023-03-28,IOC,EQ,76.900000,77.400000,75.750000,76.900000,77.100000,7446988,5695.92,34933,
2023-03-29,IOC,EQ,76.850000,77.550000,76.650000,76.900000,76.900000,9921198,7642.01,40221,
2023-03-31,IOC,EQ,77.300000,78.350000,77.200000,77.900000,76.900000,9748505,7584.46,37944,
2023-04-03,IOC,EQ,77.250000,78.250000,76.900000,77.500000,77.900000,11416090,8838.79,39691,
2023-04-05,IOC,EQ,78.050000,78.250000,77.000000,77.150000,77.500000,6867318,5310.77,36138,
2023-04-06,IOC,EQ,77.150000,77.850000,76.900000,77.700000,77.150000,5063531,3920.87,23261,
2023-04-10,IOC,EQ,77.700000,78.200000,77.400000,77.800000,77.700000,5706517,4437.27,30830,
2023-04-11,IOC,EQ,77.800000,78.100000,77.650000,77.900000,77.800000,2998570,2335.08,18424,
2023-04-12,IOC,EQ,77.900000,78.200000,77.550000,78.000000,77.900000,4182972,3257.55,21010,
2023-04-13,IOC,EQ,78.000000,78.150000,77.000000,77.200000,78.000000,6411454,4956.76,32285,
2023-04-17,IOC,EQ,77.200000,77.450000,76.800000,77.250000,77.200000,7736935,5969.15,29334,
2023-04-18,IOC,EQ,77.200000,78.100000,77.200000,78.000000,77.250000,5096362,3962.84,25552,
2023-04-19,IOC,EQ,77.950000,78.750000,77.700000,78.550000,78.000000,7940271,6214.13,28614,
2023-04-20,IOC,EQ,78.900000,79.100000,78.100000,78.200000,78.550000,7789377,6119.06,26783,
2023-04-21,IOC,EQ,78.750000,78.750000,77.850000,78.250000,78.200000,5001767,3910.67,23894,
2023-04-24,IOC,EQ,78.300000,78.600000,77.950000,78.250000,78.250000,7060879,5519.00,27222,
2023-04-25,IOC,EQ,78.250000,78.850000,78.050000,78.450000,78.250000,4656411,3656.99,22633,
2023-04-26,IOC,EQ,78.350000,78.850000,78.150000,78.450000,78.450000,5090493,3993.98,21582,
2023-04-27,IOC,EQ,78.550000,80.750000,78.550000,80.450000,78.450000,17036886,13627.55,51616,
2023-04-28,IOC,EQ,80.950000,81.550000,80.400000,81.400000,80.450000,11996476,9720.89,46700,
2023-05-02,IOC,EQ,81.750000,82.700000,81.400000,82.150000,81.400000,11768608,9674.38,55076,
2023-05-03,IOC,EQ,82.450000,83.600000,82.450000,82.700000,82.150000,12067736,9994.10,41499,
2023-05-04,IOC,EQ,83.100000,84.500000,82.900000,83.300000,82.700000,15811123,13258.58,55504,
2023-05-05,IOC,EQ,83.300000,83.450000,82.400000,82.800000,83.300000,5895640,4881.91,26963,
2023-05-08,IOC,EQ,83.000000,83.450000,82.400000,83.250000,82.800000,6051050,5023.34,32747,
2023-05-09,IOC,EQ,83.750000,84.300000,83.500000,84.000000,83.250000,7286472,6114.66,36977,
2023-05-10,IOC,EQ,84.500000,84.600000,83.850000,84.250000,84.000000,7349573,6185.62,30387,
2023-05-11,IOC,EQ,84.300000,84.450000,83.800000,83.950000,84.250000,4455253,3750.97,24250,
2023-05-12,IOC,EQ,83.850000,84.150000,83.350000,83.550000,83.950000,4700410,3929.63,25531,
2023-05-15,IOC,EQ,83.800000,84.550000,83.550000,84.200000,83.550000,7167177,6035.38,35796,
2023-05-16,IOC,EQ,85.400000,87.650000,85.000000,87.000000,84.200000,44298431,38283.18,132128,
2023-05-17,IOC,EQ,87.800000,88.600000,87.300000,87.550000,87.000000,20861152,18337.30,80854,
2023-05-18,IOC,EQ,87.600000,87.750000,85.800000,86.000000,87.550000,16119484,13999.79,53324,
2023-05-19,IOC,EQ,86.000000,86.250000,84.800000,86.050000,86.000000,11201198,9591.91,44999,
2023-05-22,IOC,EQ,86.050000,87.300000,85.300000,87.150000,86.050000,9226502,7991.31,39497,
2023-05-23,IOC,EQ,87.450000,89.900000,86.750000,89.000000,87.150000,27392800,24356.60,89730,
2023-05-24,IOC,EQ,89.100000,89.900000,88.750000,89.650000,89.000000,19866440,17784.69,54284,
2023-05-25,IOC,EQ,89.850000,89.850000,88.600000,89.150000,89.650000,9684940,8639.31,39047,
2023-05-26,IOC,EQ,89.200000,90.300000,89.000000,90.200000,89.150000,9846321,8865.24,38433,
2023-05-29,IOC,EQ,90.300000,90.450000,89.400000,90.050000,90.200000,6891927,6199.75,33082,
2023-05-30,IOC,EQ,90.000000,90.950000,89.800000,90.300000,90.050000,9269698,8383.73,36631,
2023-05-31,IOC,EQ,90.400000,91.400000,89.550000,90.000000,90.300000,17157711,15517.92,49242,
2023-06-01,IOC,EQ,90.500000,91.150000,89.900000,90.500000,90.000000,11770478,10676.79,44126,
2023-06-02,IOC,EQ,90.500000,90.900000,89.700000,89.800000,90.500000,7123634,6419.60,40356,
2023-06-05,IOC,EQ,89.900000,90.000000,88.650000,89.250000,89.800000,9227005,8219.81,38413,
2023-06-06,IOC,EQ,89.400000,89.800000,88.850000,89.400000,89.250000,5740801,5127.62,33765,
2023-06-07,IOC,EQ,89.550000,91.100000,89.500000,90.850000,89.400000,11403972,10331.88,47109,
2023-06-08,IOC,EQ,90.750000,90.850000,89.700000,90.050000,90.850000,10809055,9761.61,38665,
2023-06-09,IOC,EQ,90.200000,91.650000,90.150000,90.300000,90.050000,9921823,9014.70,38602,
2023-06-12,IOC,EQ,90.700000,92.000000,90.200000,91.850000,90.300000,10813997,9878.10,45632,
2023-06-13,IOC,EQ,92.850000,93.100000,91.700000,91.900000,91.850000,19796495,18290.78,58611,
2023-06-14,IOC,EQ,92.200000,93.500000,92.000000,93.150000,91.900000,19246845,17893.18,59733,
2023-06-15,IOC,EQ,93.300000,93.700000,92.600000,92.900000,93.150000,8742159,8144.83,40655,
2023-06-16,IOC,EQ,93.000000,93.200000,91.900000,92.150000,92.900000,15146569,13998.41,42735,
2023-06-19,IOC,EQ,92.150000,92.850000,91.650000,91.900000,92.150000,6800507,6263.57,37616,
2023-06-20,IOC,EQ,91.900000,92.600000,91.300000,91.900000,91.900000,9394894,8649.27,36637,
2023-06-21,IOC,EQ,91.950000,92.850000,91.700000,92.000000,91.900000,9499893,8753.96,35671,
2023-06-22,IOC,EQ,92.000000,92.850000,91.750000,92.000000,92.000000,9694937,8942.98,32883,
2023-06-23,IOC,EQ,92.300000,92.400000,88.850000,89.300000,92.000000,18134295,16419.94,52870,
2023-06-26,IOC,EQ,89.300000,89.950000,88.700000,89.550000,89.300000,10963542,9789.49,41163,
2023-06-27,IOC,EQ,89.750000,90.500000,88.900000,89.350000,89.550000,10668117,9559.56,39053,
2023-06-28,IOC,EQ,89.700000,91.150000,89.000000,90.650000,89.350000,14388441,12955.86,42441,
2023-06-30,IOC,EQ,90.950000,91.950000,90.650000,91.300000,90.650000,12595671,11499.79,43574,
2023-07-03,IOC,EQ,91.600000,96.100000,91.300000,95.250000,91.300000,32972732,31236.53,96016,
2023-07-04,IOC,EQ,96.000000,96.400000,94.350000,94.650000,95.250000,11918401,11352.13,47371,
2023-07-05,IOC,EQ,95.150000,95.700000,93.400000,95.500000,94.650000,14283796,13567.69,50741,
2023-07-06,IOC,EQ,96.000000,98.800000,96.000000,98.600000,95.500000,32778334,32213.65,114066,
2023-07-07,IOC,EQ,99.450000,101.250000,98.800000,99.200000,98.600000,37546405,37482.46,136971,
2023-07-10,IOC,EQ,101.000000,101.450000,97.100000,97.400000,99.200000,24042759,23704.36,96857,
2023-07-11,IOC,EQ,97.800000,98.900000,96.900000,98.100000,97.400000,17508261,17175.76,63913,
2023-07-12,IOC,EQ,98.250000,99.350000,97.700000,97.900000,98.100000,14979586,14720.33,60604,
2023-07-13,IOC,EQ,98.400000,98.700000,96.000000,96.200000,97.900000,11491737,11171.64,51380,
2023-07-14,IOC,EQ,96.500000,97.650000,95.800000,96.600000,96.200000,24048036,23294.76,51441,
2023-07-17,IOC,EQ,97.400000,97.900000,96.900000,97.350000,96.600000,19126927,18626.04,54794,
2023-07-18,IOC,EQ,98.050000,98.400000,97.200000,97.600000,97.350000,9527821,9305.31,36413,
2023-07-19,IOC,EQ,98.000000,99.050000,97.700000,98.250000,97.600000,15283446,15037.96,55231,
2023-07-20,IOC,EQ,98.700000,99.300000,98.450000,98.750000,98.250000,8940131,8832.08,36583,
2023-07-21,IOC,EQ,98.850000,99.850000,98.600000,99.350000,98.750000,18598910,18467.73,54884,
2023-07-24,IOC,EQ,99.800000,100.700000,99.500000,99.850000,99.350000,19073238,19074.02,58065,
2023-07-25,IOC,EQ,99.950000,100.250000,98.700000,99.000000,99.850000,11983867,11909.08,46325,
2023-07-26,IOC,EQ,99.850000,100.200000,98.850000,99.600000,99.000000,14912431,14842.21,51175,
2023-07-27,IOC,EQ,100.400000,100.450000,98.100000,98.600000,99.600000,16349608,16186.82,50064,
2023-07-28,IOC,EQ,96.200000,96.600000,94.250000,95.250000,98.600000,27278447,26070.08,92619,
2023-07-31,IOC,EQ,96.000000,96.200000,93.000000,93.750000,95.250000,25418124,23839.35,93422,
2023-08-01,IOC,EQ,93.800000,94.750000,93.300000,94.000000,93.750000,16132927,15191.27,58022,
2023-08-02,IOC,EQ,94.400000,94.650000,93.000000,93.850000,94.000000,16780965,15739.70,73301,
2023-08-03,IOC,EQ,93.900000,94.200000,93.150000,93.500000,93.850000,8703991,8147.42,44085,
2023-08-04,IOC,EQ,93.550000,93.900000,92.050000,92.300000,93.500000,10743670,9993.03,54393,
2023-08-07,IOC,EQ,92.450000,93.000000,92.000000,92.850000,92.300000,6947500,6426.63,44910,
2023-08-08,IOC,EQ,93.000000,93.450000,91.950000,92.350000,92.850000,14652588,13558.25,56514,
2023-08-09,IOC,EQ,92.450000,94.050000,92.200000,93.900000,92.350000,9339961,8704.93,47035,
2023-08-10,IOC,EQ,93.900000,94.300000,93.500000,93.850000,93.900000,6480305,6081.73,35300,
2023-08-11,IOC,EQ,94.000000,94.300000,93.350000,93.500000,93.850000,9294868,8725.54,48912,
2023-08-14,IOC,EQ,93.500000,93.550000,91.500000,92.600000,93.500000,6762888,6240.17,54046,
2023-08-16,IOC,EQ,92.600000,93.450000,92.050000,93.300000,92.600000,7026509,6536.99,42250,
2023-08-17,IOC,EQ,93.300000,93.500000,92.000000,92.250000,93.300000,6856243,6344.41,45336,
2023-08-18,IOC,EQ,92.150000,92.350000,91.100000,91.400000,92.250000,7603578,6966.41,47462,
2023-08-21,IOC,EQ,91.300000,92.150000,90.750000,92.000000,91.400000,7450923,6813.09,49119,
2023-08-22,IOC,EQ,92.400000,92.400000,91.650000,91.850000,92.000000,5274379,4848.03,40928,
2023-08-23,IOC,EQ,91.850000,92.000000,91.200000,91.300000,91.850000,6805550,6224.19,45496,
2023-08-24,IOC,EQ,91.700000,93.250000,91.550000,92.250000,91.300000,9936618,9177.82,38874,
2023-08-25,IOC,EQ,91.950000,93.200000,91.650000,91.800000,92.250000,7021529,6474.54,34670,
2023-08-28,IOC,EQ,92.250000,92.500000,91.700000,91.900000,91.800000,6866040,6319.26,28831,
2023-08-29,IOC,EQ,92.050000,92.400000,91.600000,91.900000,91.900000,6510089,5993.13,31536,
2023-08-30,IOC,EQ,91.500000,91.500000,90.600000,90.750000,91.900000,10926964,9938.04,62672,
2023-08-31,IOC,EQ,90.750000,91.550000,88.950000,89.100000,90.750000,15918998,14247.20,78747,
2023-09-01,IOC,EQ,89.350000,90.000000,88.750000,89.050000,89.100000,14735373,13154.05,60926,
2023-09-04,IOC,EQ,89.300000,90.500000,89.300000,90.050000,89.050000,13063008,11762.18,56219,
2023-09-05,IOC,EQ,90.550000,91.700000,90.400000,91.350000,90.050000,12849665,11708.27,54376,
2023-09-06,IOC,EQ,91.450000,91.700000,90.500000,91.350000,91.350000,8805552,8030.36,42587,
2023-09-07,IOC,EQ,91.450000,91.900000,91.050000,91.700000,91.350000,7697172,7055.69,40034,
2023-09-08,IOC,EQ,92.200000,94.950000,91.550000,94.000000,91.700000,29294769,27368.65,78091,
2023-09-11,IOC,EQ,95.500000,96.000000,94.100000,95.200000,94.000000,23997873,22771.41,91634,
2023-09-12,IOC,EQ,95.900000,95.900000,91.350000,91.550000,95.200000,21373206,19835.64,86426,
2023-09-13,IOC,EQ,91.900000,93.500000,91.350000,93.100000,91.550000,11716054,10848.83,54423,
2023-09-14,IOC,EQ,93.600000,95.100000,93.150000,94.650000,93.100000,16430876,15523.20,62048,
2023-09-15,IOC,EQ,94.350000,94.550000,91.750000,91.950000,94.650000,35184771,32478.90,94037,
2023-09-18,IOC,EQ,92.800000,93.400000,91.800000,92.600000,91.950000,17302409,16045.55,52954,
2023-09-20,IOC,EQ,92.450000,92.950000,91.400000,91.850000,92.600000,18228395,16777.39,70235,
2023-09-21,IOC,EQ,91.900000,93.150000,91.800000,92.750000,91.850000,15173388,14054.24,54879,
2023-09-22,IOC,EQ,92.800000,93.350000,92.000000,92.250000,92.750000,10983768,10190.23,45427,
2023-09-25,IOC,EQ,92.500000,92.600000,91.800000,91.950000,92.250000,10885789,10026.48,40473,
2023-09-26,IOC,EQ,92.200000,92.800000,91.900000,92.000000,91.950000,8786944,8105.13,43639,
2023-09-27,IOC,EQ,92.050000,92.400000,90.100000,90.400000,92.000000,17576586,15921.70,70726,
2023-09-28,IOC,EQ,90.800000,91.400000,89.500000,89.800000,90.400000,17116633,15448.79,72064,
2023-09-29,IOC,EQ,90.600000,91.150000,90.250000,90.950000,89.800000,7353379,6680.76,36914,
2023-10-03,IOC,EQ,91.400000,91.400000,89.800000,90.000000,90.950000,12491467,11274.01,69851,
2023-10-04,IOC,EQ,90.000000,90.150000,88.700000,89.100000,90.000000,10554372,9430.15,58657,
2023-10-05,IOC,EQ,90.450000,90.750000,89.200000,89.650000,89.100000,9293183,8343.24,46355,
2023-10-06,IOC,EQ,90.000000,90.000000,89.350000,89.750000,89.650000,8500414,7628.52,43485,
2023-10-09,IOC,EQ,88.450000,88.600000,87.000000,87.450000,89.750000,10345543,9065.01,71267,
2023-10-10,IOC,EQ,87.450000,88.550000,87.300000,88.350000,87.450000,9460129,8326.00,52666,
2023-10-11,IOC,EQ,89.000000,90.250000,88.650000,89.700000,88.350000,12124613,10894.60,56437,
2023-10-12,IOC,EQ,89.850000,90.700000,89.850000,90.300000,89.700000,9922340,8955.89,46415,
2023-10-13,IOC,EQ,90.300000,91.250000,90.050000,90.850000,90.300000,12881848,11708.36,47380,
2023-10-16,IOC,EQ,91.000000,91.150000,90.200000,90.900000,90.850000,8631278,7834.17,43982,
2023-10-17,IOC,EQ,91.000000,92.300000,90.750000,91.850000,90.900000,13355267,12262.88,55258,
2023-10-18,IOC,EQ,92.500000,92.500000,90.500000,90.750000,91.850000,11466227,10445.05,51152,
2023-10-19,IOC,EQ,90.150000,90.900000,90.100000,90.650000,90.750000,6724121,6088.16,32327,
2023-10-20,IOC,EQ,90.550000,90.850000,89.500000,90.300000,90.650000,8772287,7914.74,42324,
2023-10-23,IOC,EQ,90.300000,90.300000,87.650000,87.950000,90.300000,9592121,8522.79,64776,
2023-10-25,IOC,EQ,88.450000,89.200000,86.800000,87.600000,87.950000,9057651,7956.51,73314,
2023-10-26,IOC,EQ,87.550000,87.800000,85.500000,86.200000,87.600000,10108394,8703.66,67841,
2023-10-27,IOC,EQ,86.550000,87.500000,86.550000,86.900000,86.200000,6454064,5620.45,43179,
2023-10-30,IOC,EQ,87.450000,88.600000,86.750000,88.250000,86.900000,10175983,8942.14,42169,
2023-10-31,IOC,EQ,89.000000,90.000000,87.650000,89.700000,88.250000,29025469,25865.43,75668,
2023-11-01,IOC,EQ,92.000000,93.000000,90.450000,92.450000,89.700000,54027867,49739.46,131388,
2023-11-02,IOC,EQ,93.850000,96.500000,93.300000,95.050000,92.450000,63995437,60874.36,153145,
2023-11-03,IOC,EQ,96.500000,96.750000,95.400000,95.900000,95.050000,34490201,33132.13,93901,
2023-11-06,IOC,EQ,97.000000,100.500000,96.600000,99.000000,95.900000,63500708,62795.97,163087,
2023-11-07,IOC,EQ,100.000000,104.300000,98.750000,104.050000,99.000000,79534919,81259.22,194906,
2023-11-08,IOC,EQ,105.400000,106.900000,103.050000,103.450000,104.050000,69412828,72796.61,191335,
2023-11-09,IOC,EQ,104.100000,104.500000,102.500000,102.950000,103.450000,32091128,33132.83,100525,
2023-11-10,IOC,EQ,97.850000,98.850000,97.400000,98.050000,102.950000,28403392,27857.11,91406,
2023-11-13,IOC,EQ,98.300000,99.250000,97.550000,99.000000,98.350000,23502134,23095.87,62698,
2023-11-15,IOC,EQ,100.000000,102.000000,99.150000,101.700000,99.000000,35721107,35969.67,93957,
2023-11-16,IOC,EQ,102.000000,105.150000,101.700000,104.100000,101.700000,43421272,45136.74,105741,
2023-11-17,IOC,EQ,105.000000,106.300000,101.500000,102.700000,104.100000,50796419,52864.19,111386,
2023-11-20,IOC,EQ,103.000000,103.950000,102.000000,102.850000,102.700000,16980763,17505.69,63111,
2023-11-21,IOC,EQ,103.000000,103.200000,100.850000,101.050000,102.850000,20429383,20769.72,65303,
2023-11-22,IOC,EQ,101.000000,102.700000,100.350000,101.250000,101.050000,16652996,16909.05,52922,
2023-11-23,IOC,EQ,102.000000,104.200000,100.750000,103.800000,101.250000,18589035,19080.14,58105,
2023-11-24,IOC,EQ,104.100000,105.300000,103.000000,103.450000,103.800000,26009963,27075.64,75946,
2023-11-28,IOC,EQ,104.700000,108.600000,104.100000,108.200000,103.450000,61127565,65474.19,162810,
2023-11-29,IOC,EQ,108.700000,109.750000,107.450000,108.550000,108.200000,36828919,40054.96,115195,
2023-11-30,IOC,EQ,108.550000,112.500000,107.100000,111.750000,108.550000,46269884,51121.35,115784,
2023-12-01,IOC,EQ,112.850000,113.950000,110.600000,111.250000,111.750000,24131009,26999.85,90106,
2023-12-04,IOC,EQ,114.500000,118.150000,113.100000,115.900000,111.250000,50645500,58707.03,139365,
2023-12-05,IOC,EQ,120.000000,120.000000,115.600000,117.700000,115.900000,47272168,55575.13,127995,
2023-12-06,IOC,EQ,118.800000,119.950000,117.400000,119.300000,117.700000,31094949,36934.47,103225,
2023-12-07,IOC,EQ,120.300000,122.500000,119.550000,121.350000,119.300000,38173544,46305.33,108302,
2023-12-08,IOC,EQ,122.150000,122.450000,117.350000,118.800000,121.350000,22610433,27128.64,80460,
2023-12-11,IOC,EQ,119.900000,121.000000,116.600000,117.500000,118.800000,28917089,34242.24,105566,
2023-12-12,IOC,EQ,118.000000,118.900000,116.900000,117.550000,117.500000,15735665,18547.00,74832,
2023-12-13,IOC,EQ,118.500000,119.850000,118.050000,119.650000,117.550000,23660687,28146.03,114456,
2023-12-14,IOC,EQ,120.500000,120.500000,119.350000,120.100000,119.650000,20038925,24024.34,79071,
2023-12-15,IOC,EQ,120.300000,124.950000,119.650000,123.800000,120.100000,43200717,53069.14,112891,
2023-12-18,IOC,EQ,124.450000,125.800000,123.200000,124.350000,123.800000,19345644,24132.09,78582,
2023-12-19,IOC,EQ,125.000000,125.950000,124.200000,124.700000,124.350000,22074723,27624.80,72800,
2023-12-20,IOC,EQ,125.600000,126.400000,119.000000,120.050000,124.700000,27660494,34181.74,98412,
2023-12-21,IOC,EQ,118.000000,124.500000,117.350000,124.150000,120.050000,20805929,25400.52,88420,
2023-12-22,IOC,EQ,124.250000,125.000000,122.100000,123.700000,124.150000,12915880,15956.79,55881,
2023-12-26,IOC,EQ,123.900000,128.500000,123.600000,128.050000,123.700000,30770511,39050.83,98149,
2023-12-27,IOC,EQ,128.400000,128.900000,125.450000,126.600000,128.050000,16455934,20923.58,92611,
2023-12-28,IOC,EQ,127.000000,133.950000,126.500000,133.250000,126.600000,54672874,71863.16,151039,
2023-12-29,IOC,EQ,129.700000,132.050000,128.300000,129.850000,133.250000,30650133,39888.16,124907,
2024-01-01,IOC,EQ,132.100000,132.500000,130.000000,130.300000,129.850000,18629028,24476.75,88991,
2024-01-02,IOC,EQ,131.000000,131.450000,128.600000,130.550000,130.300000,17271309,22515.81,76809,
2024-01-03,IOC,EQ,130.550000,133.850000,130.300000,132.700000,130.550000,24221613,32046.12,110818,
2024-01-04,IOC,EQ,132.000000,132.000000,128.800000,131.200000,132.700000,23880980,31201.91,101844,
2024-01-05,IOC,EQ,132.800000,134.600000,131.550000,132.700000,131.200000,21903222,29137.49,102085,
2024-01-08,IOC,EQ,134.000000,136.100000,132.250000,132.650000,132.700000,26199907,35166.03,106088,
2024-01-09,IOC,EQ,134.900000,134.900000,131.550000,131.900000,132.650000,15051378,20005.20,64652,
2024-01-10,IOC,EQ,130.950000,131.000000,128.500000,130.550000,131.900000,17547639,22780.30,78003,
2024-01-11,IOC,EQ,131.350000,133.900000,131.100000,133.250000,130.550000,21653666,28748.47,76245,
2024-01-12,IOC,EQ,133.450000,135.850000,132.750000,135.300000,133.250000,24471509,32933.59,91830,
2024-01-15,IOC,EQ,136.450000,138.000000,135.200000,137.650000,135.300000,22824583,31259.63,108597,
2024-01-16,IOC,EQ,138.250000,144.350000,137.500000,143.600000,137.650000,54350562,77287.22,186774,
2024-01-17,IOC,EQ,143.000000,145.400000,141.550000,144.100000,143.600000,43031636,62040.44,142139,
2024-01-18,IOC,EQ,143.800000,145.650000,139.900000,144.500000,144.100000,26958686,38747.25,100010,
2024-01-19,IOC,EQ,145.100000,149.300000,143.800000,148.650000,144.500000,23970656,35122.27,98878,
2024-01-23,IOC,EQ,151.500000,151.800000,137.850000,138.950000,148.050000,38167576,54443.04,154148,
2024-01-24,IOC,EQ,138.950000,145.250000,138.050000,143.450000,138.950000,40122151,56973.66,148896,
2024-01-25,IOC,EQ,145.900000,145.900000,142.000000,143.700000,143.450000,38252600,54920.91,131137,
2024-01-29,IOC,EQ,143.700000,148.400000,143.500000,146.700000,143.700000,28420760,41629.28,119631,
2024-01-30,IOC,EQ,148.400000,152.200000,146.500000,147.700000,146.700000,41378967,61885.06,154907,
2024-01-31,IOC,EQ,147.800000,150.100000,146.100000,146.950000,147.700000,27393172,40434.24,103794,
2024-02-01,IOC,EQ,148.500000,150.700000,147.050000,149.750000,146.950000,27883335,41533.61,141281,
2024-02-02,IOC,EQ,151.900000,166.800000,151.050000,162.900000,149.750000,94675914,151173.14,367734,
2024-02-05,IOC,EQ,167.950000,177.200000,164.700000,173.950000,162.900000,101043319,174963.35,425952,
2024-02-06,IOC,EQ,176.550000,186.000000,171.350000,184.500000,173.950000,97077698,174888.87,396335,
2024-02-07,IOC,EQ,188.200000,192.650000,185.050000,186.450000,184.500000,82890137,155754.58,370387,
2024-02-08,IOC,EQ,187.900000,196.800000,186.750000,192.400000,186.450000,83103687,159294.08,320989,
2024-02-09,IOC,EQ,193.400000,193.850000,177.750000,182.500000,192.400000,84137345,153994.45,367320,
2024-02-12,IOC,EQ,182.500000,184.350000,173.150000,175.400000,182.500000,54071070,95900.76,222478,
2024-02-13,IOC,EQ,174.950000,177.450000,172.350000,174.450000,175.400000,37121416,64858.79,142432,
2024-02-14,IOC,EQ,173.000000,184.350000,170.900000,183.550000,174.450000,52764452,94652.67,217317,
2024-02-15,IOC,EQ,185.000000,191.350000,183.500000,189.850000,183.550000,70678699,133487.39,243621,
2024-02-16,IOC,EQ,190.000000,194.100000,186.150000,187.000000,189.850000,54056644,102694.81,219865,
2024-02-19,IOC,EQ,188.600000,190.900000,186.400000,188.500000,187.000000,30664067,57947.15,139442,
2024-02-20,IOC,EQ,187.500000,189.700000,183.800000,188.750000,188.500000,34936800,65308.07,123947,
2024-02-21,IOC,EQ,189.600000,190.700000,181.100000,182.300000,188.750000,22131487,41080.27,105537,
2024-02-22,IOC,EQ,181.500000,181.500000,175.400000,179.700000,182.300000,39618423,70605.63,185687,
2024-02-23,IOC,EQ,179.700000,180.700000,175.050000,175.850000,179.700000,31342100,55347.37,159146,
2024-02-26,IOC,EQ,175.900000,178.800000,172.550000,177.500000,175.850000,36264939,63502.03,140122,
2024-02-27,IOC,EQ,177.500000,178.350000,172.100000,173.250000,177.500000,27603342,48258.45,112084,
2024-02-28,IOC,EQ,172.500000,173.450000,166.700000,167.400000,173.250000,35971734,61098.36,133763,
2024-02-29,IOC,EQ,167.400000,168.450000,164.350000,165.550000,167.400000,52797150,87602.25,144493,
2024-03-01,IOC,EQ,167.950000,171.800000,167.400000,169.400000,165.550000,33401242,56729.72,132105,
2024-03-04,IOC,EQ,172.200000,176.450000,170.500000,175.250000,172.200000,28643745,49952.80,142460,
2024-03-05,IOC,EQ,176.450000,177.300000,174.550000,175.850000,175.250000,21719198,38175.42,101990,
2024-03-06,IOC,EQ,176.200000,178.200000,172.100000,177.350000,175.850000,37730619,66234.40,145075,
2024-03-07,IOC,EQ,177.350000,178.350000,174.000000,174.600000,177.350000,17880714,31421.35,98733,
2024-03-11,IOC,EQ,173.950000,177.500000,172.100000,174.250000,174.600000,22843402,40084.99,134128,
2024-03-12,IOC,EQ,175.000000,175.900000,171.450000,172.900000,174.250000,20208400,35079.46,101043,
2024-03-13,IOC,EQ,173.000000,173.900000,161.750000,163.350000,172.900000,26725350,44569.13,146897,
2024-03-14,IOC,EQ,161.250000,171.400000,160.600000,170.350000,163.350000,25912125,43517.28,133382,
2024-03-15,IOC,EQ,166.000000,168.700000,153.600000,161.000000,170.350000,108719847,173734.50,365628,
2024-03-18,IOC,EQ,162.550000,163.250000,160.150000,160.800000,161.000000,22670787,36710.16,107109,
2024-03-19,IOC,EQ,158.900000,158.900000,154.250000,155.250000,160.800000,50547948,78870.22,186668,
2024-03-20,IOC,EQ,156.000000,158.550000,155.000000,158.250000,155.250000,23956154,37610.75,107359,
2024-03-21,IOC,EQ,161.000000,164.750000,159.800000,164.500000,158.250000,26756447,43567.96,94669,
2024-03-22,IOC,EQ,165.700000,167.150000,163.550000,165.150000,164.500000,25141774,41686.90,111312,
2024-03-26,IOC,EQ,164.350000,168.750000,163.550000,167.450000,165.150000,21189137,35371.54,92879,
2024-03-27,IOC,EQ,169.000000,171.450000,165.350000,166.200000,167.450000,31466480,52890.71,112177,
2024-03-28,IOC,EQ,166.750000,169.500000,166.700000,167.750000,166.200000,17007401,28606.47,92791,
2024-04-01,IOC,EQ,169.950000,171.250000,168.750000,169.250000,167.750000,14548989,24695.87,86841,
2024-04-02,IOC,EQ,169.400000,174.500000,169.300000,174.200000,169.250000,29081495,50252.99,125136,
2024-04-03,IOC,EQ,174.200000,175.200000,173.150000,173.700000,174.200000,18996701,33086.96,96529,
2024-04-04,IOC,EQ,174.000000,174.950000,169.050000,169.650000,173.700000,17913673,30647.62,106538,
2024-04-05,IOC,EQ,168.800000,168.850000,164.600000,168.000000,169.650000,26551221,44331.34,130303,
2024-04-08,IOC,EQ,169.000000,171.850000,168.750000,170.300000,168.000000,14541348,24790.85,75303,
2024-04-09,IOC,EQ,170.500000,170.850000,168.000000,168.900000,170.300000,10074537,17058.19,62589,
2024-04-10,IOC,EQ,169.000000,174.200000,168.900000,173.050000,168.900000,26458888,45727.52,112575,
2024-04-12,IOC,EQ,172.950000,173.450000,169.750000,170.150000,173.050000,23635268,40477.54,103641,
2024-04-15,IOC,EQ,166.800000,169.950000,162.650000,166.400000,170.150000,30165832,50219.75,138761,
2024-04-16,IOC,EQ,166.400000,170.800000,165.500000,169.000000,166.400000,19347109,32710.97,91560,
2024-04-18,IOC,EQ,172.300000,175.100000,168.050000,169.000000,169.000000,29756025,51261.09,124041,
2024-04-19,IOC,EQ,163.500000,167.500000,162.200000,166.650000,169.000000,28613815,47180.41,133198,
2024-04-22,IOC,EQ,169.950000,172.200000,168.500000,170.900000,166.650000,19022799,32553.02,95819,
2024-04-23,IOC,EQ,173.700000,173.700000,167.950000,168.100000,170.900000,19730937,33507.02,109821,
2024-04-24,IOC,EQ,169.400000,170.600000,167.550000,168.750000,168.100000,17496649,29559.58,80321,
2024-04-25,IOC,EQ,169.450000,171.000000,168.750000,170.200000,168.750000,14757776,25120.70,63205,
2024-04-26,IOC,EQ,170.700000,172.600000,169.850000,171.550000,170.200000,17306072,29671.14,81447,
2024-04-29,IOC,EQ,173.000000,178.000000,172.200000,176.750000,171.550000,40527426,71402.39,162730,
2024-04-30,IOC,EQ,179.500000,179.800000,167.850000,168.850000,176.750000,67530236,117207.34,232168,
2024-05-02,IOC,EQ,172.000000,174.600000,168.250000,173.400000,168.850000,60555113,103975.80,217019,
2024-05-03,IOC,EQ,174.800000,174.900000,169.400000,170.750000,173.400000,30968452,53151.18,144827,
2024-05-06,IOC,EQ,171.850000,172.000000,165.100000,166.250000,170.750000,28686100,47988.06,148183,
2024-05-07,IOC,EQ,167.500000,168.200000,159.500000,160.000000,166.250000,40995072,66598.30,207470,
2024-05-08,IOC,EQ,161.500000,164.300000,159.650000,163.150000,160.000000,28458714,46256.03,119206,
2024-05-09,IOC,EQ,163.000000,163.000000,156.050000,156.600000,163.150000,27225782,43326.49,164526,
2024-05-10,IOC,EQ,158.500000,160.150000,155.550000,158.950000,156.600000,24021566,37987.32,112878,
2024-05-13,IOC,EQ,159.850000,160.700000,154.750000,158.200000,158.950000,28720880,45231.96,141160,
2024-05-14,IOC,EQ,158.200000,160.700000,157.050000,159.350000,158.200000,17592865,27957.29,104544,
2024-05-15,IOC,EQ,160.600000,162.600000,159.750000,161.800000,159.350000,17906679,28897.96,115878,
2024-05-16,IOC,EQ,163.050000,164.400000,161.150000,162.850000,161.800000,23017120,37476.49,101004,
2024-05-17,IOC,EQ,162.850000,164.600000,162.650000,164.050000,162.850000,13305287,21783.75,89279,
2024-05-21,IOC,EQ,165.000000,168.400000,163.550000,166.900000,164.900000,26148240,43549.80,117557,
2024-05-22,IOC,EQ,168.200000,168.200000,164.250000,166.950000,166.900000,20053145,33325.57,99679,
2024-05-23,IOC,EQ,167.500000,169.350000,166.700000,167.950000,166.950000,17423296,29285.43,81286,
2024-05-24,IOC,EQ,167.900000,170.450000,167.300000,168.800000,167.950000,17579600,29745.65,100900,
2024-05-27,IOC,EQ,169.100000,170.450000,166.800000,168.900000,168.800000,14367479,24268.79,86076,
2024-05-28,IOC,EQ,169.100000,169.800000,165.800000,167.050000,168.900000,12934677,21667.99,70938,
2024-05-29,IOC,EQ,166.000000,166.900000,164.500000,165.050000,167.050000,12374782,20509.01,76960,
2024-05-30,IOC,EQ,164.700000,165.250000,161.350000,161.950000,165.050000,13980050,22832.31,82299,
2024-05-31,IOC,EQ,163.400000,163.750000,161.050000,162.400000,161.950000,34520338,56026.15,107637,
2024-06-03,IOC,EQ,170.800000,176.400000,168.000000,175.300000,162.400000,62214295,107897.48,266439,
2024-06-04,IOC,EQ,177.000000,177.000000,149.000000,154.500000,175.300000,88989411,143596.92,459220,
2024-06-05,IOC,EQ,158.500000,159.900000,147.800000,159.250000,154.500000,36919071,57066.62,233847,
2024-06-06,IOC,EQ,164.000000,168.100000,162.150000,163.600000,159.250000,35722401,58831.76,157163,
2024-06-07,IOC,EQ,163.700000,164.550000,161.400000,164.200000,163.600000,33444357,54522.13,139209,
2024-06-10,IOC,EQ,165.700000,166.400000,164.100000,165.210000,164.200000,19825323,32776.66,109685,
2024-06-11,IOC,EQ,165.900000,169.000000,164.300000,167.680000,165.210000,28559865,47705.95,137867,
2024-06-12,IOC,EQ,169.000000,171.240000,168.510000,168.840000,167.680000,28047986,47600.04,141385,
2024-06-13,IOC,EQ,170.000000,170.200000,168.050000,168.950000,168.840000,17279580,29187.21,89051,
2024-06-14,IOC,EQ,169.200000,172.100000,169.160000,170.360000,168.950000,22000973,37592.11,110456,
2024-06-18,IOC,EQ,171.900000,171.900000,169.000000,169.590000,170.360000,17723479,30093.46,115207,
2024-06-19,IOC,EQ,170.000000,170.300000,166.050000,166.750000,169.590000,18053095,30233.64,131008,
2024-06-20,IOC,EQ,167.350000,169.720000,166.100000,168.970000,166.750000,15794096,26605.86,97104,
2024-06-21,IOC,EQ,169.190000,169.500000,166.260000,166.620000,168.970000,19269862,32283.21,105554,
2024-06-24,IOC,EQ,166.620000,167.690000,164.710000,166.300000,166.620000,13445384,22341.45,84633,
2024-06-25,IOC,EQ,166.980000,167.140000,164.050000,164.370000,166.300000,14775324,24396.81,98274,
2024-06-26,IOC,EQ,165.150000,165.240000,164.000000,164.270000,164.370000,10441389,17176.14,84767,
2024-06-27,IOC,EQ,164.500000,164.880000,162.180000,163.580000,164.270000,24654739,40282.04,116373,
2024-06-28,IOC,EQ,163.900000,166.640000,163.800000,165.630000,163.580000,15335579,25416.80,92119,
2024-07-01,IOC,EQ,166.000000,167.950000,165.620000,167.660000,165.630000,19014104,31777.24,104615,
2024-07-02,IOC,EQ,168.000000,169.710000,167.010000,168.300000,167.660000,31012683,52339.93,98561,
2024-07-03,IOC,EQ,169.400000,169.800000,167.750000,169.310000,168.300000,20184032,34039.65,83790,
2024-07-04,IOC,EQ,170.100000,171.300000,169.180000,170.170000,169.310000,26156046,44510.79,98573,
2024-07-05,IOC,EQ,170.900000,171.940000,169.710000,171.280000,170.170000,26431264,45227.71,108104,
2024-07-08,IOC,EQ,172.210000,172.810000,169.750000,170.070000,171.280000,30322381,51883.58,126203,
2024-07-09,IOC,EQ,171.290000,172.700000,170.500000,171.670000,170.070000,28600182,49070.02,136169,
2024-07-10,IOC,EQ,172.300000,172.490000,167.200000,171.900000,171.670000,34673112,59165.70,128892,
2024-07-11,IOC,EQ,172.900000,175.800000,172.250000,174.440000,171.900000,55143055,96002.70,208720,
2024-07-12,IOC,EQ,168.490000,169.250000,166.110000,167.040000,174.440000,35355791,59317.40,181959,
2024-07-15,IOC,EQ,167.500000,170.320000,166.400000,169.700000,167.040000,32915517,55595.27,166809,
2024-07-16,IOC,EQ,169.500000,172.300000,169.250000,170.740000,169.700000,33837471,57949.58,219631,
2024-07-18,IOC,EQ,170.000000,171.660000,168.660000,169.610000,170.740000,22673600,38513.95,104003,
2024-07-19,IOC,EQ,170.900000,170.900000,165.150000,165.490000,169.610000,26361146,44021.65,157757,
2024-07-22,IOC,EQ,165.490000,169.000000,163.880000,168.190000,165.490000,17140562,28693.79,99643,
2024-07-23,IOC,EQ,169.350000,169.350000,160.660000,165.820000,168.190000,21714840,35936.31,168987,
2024-07-24,IOC,EQ,165.820000,169.250000,165.560000,168.790000,165.820000,16076455,27008.78,83203,
2024-07-25,IOC,EQ,166.890000,177.560000,166.540000,176.850000,168.790000,75894556,132073.58,259001,
2024-07-26,IOC,EQ,178.340000,178.920000,175.550000,176.550000,176.850000,27261949,48204.81,152615,
2024-07-29,IOC,EQ,178.000000,181.700000,178.000000,180.390000,176.550000,42913186,77293.52,188395,
2024-07-30,IOC,EQ,180.000000,185.970000,178.310000,182.950000,180.390000,75819147,139178.15,327083,
2024-07-31,IOC,EQ,183.500000,184.850000,180.080000,181.670000,182.950000,32726809,59601.32,159832,
2024-08-01,IOC,EQ,182.000000,182.490000,177.870000,179.730000,181.670000,26184112,47082.46,148288,
2024-08-02,IOC,EQ,178.000000,179.290000,174.640000,177.290000,179.730000,27097002,48018.94,123866,
2024-08-05,IOC,EQ,172.000000,174.880000,166.990000,170.590000,177.290000,37579908,64298.39,236437,
2024-08-06,IOC,EQ,172.000000,174.400000,166.280000,167.010000,170.590000,18084781,30815.66,98697,
2024-08-07,IOC,EQ,171.240000,172.500000,169.070000,172.220000,167.010000,15591095,26731.29,88559,
2024-08-08,IOC,EQ,171.990000,172.120000,169.200000,170.230000,172.220000,14932165,25461.56,79605,
2024-08-09,IOC,EQ,172.100000,173.000000,168.800000,169.090000,170.230000,14137851,24016.30,78718,
2024-08-12,IOC,EQ,168.000000,171.000000,167.790000,169.160000,169.090000,11563339,19551.17,88167,
2024-08-13,IOC,EQ,168.310000,168.690000,163.010000,164.120000,169.160000,16620160,27593.51,122985,
2024-08-14,IOC,EQ,165.010000,165.640000,163.100000,163.740000,164.120000,14369897,23586.69,92110,
2024-08-16,IOC,EQ,165.250000,167.450000,164.850000,167.170000,163.740000,10622879,17659.10,72324,
2024-08-19,IOC,EQ,170.000000,170.810000,169.320000,170.080000,167.170000,11457875,19487.34,71060,
2024-08-20,IOC,EQ,171.990000,173.400000,171.030000,172.230000,170.080000,15526789,26727.36,91527,
2024-08-21,IOC,EQ,173.000000,174.850000,172.110000,173.890000,172.230000,15640289,27122.15,84988,
2024-08-22,IOC,EQ,174.880000,175.490000,173.400000,173.790000,173.890000,11809546,20597.32,67405,
2024-08-23,IOC,EQ,173.600000,175.490000,172.670000,173.130000,173.790000,13815705,24063.75,78076,
2024-08-26,IOC,EQ,174.000000,174.370000,172.400000,173.460000,173.130000,8952470,15514.05,68036,
2024-08-27,IOC,EQ,172.800000,174.630000,171.750000,173.250000,173.460000,11132430,19284.46,74370,
2024-08-28,IOC,EQ,173.250000,176.500000,173.230000,173.750000,173.250000,14449023,25240.33,98290,
2024-08-29,IOC,EQ,173.890000,177.300000,173.160000,176.840000,173.750000,21375638,37526.50,107420,
2024-08-30,IOC,EQ,178.000000,178.780000,176.120000,176.970000,176.840000,22288432,39519.83,109905,
2024-09-02,IOC,EQ,179.250000,181.200000,177.010000,178.730000,176.970000,26940504,48250.33,160398,
2024-09-03,IOC,EQ,178.600000,178.910000,175.600000,176.130000,178.730000,11874065,21001.50,99238,
2024-09-04,IOC,EQ,177.000000,179.700000,176.110000,177.030000,176.130000,23923887,42518.44,125626,
2024-09-05,IOC,EQ,178.650000,184.000000,177.910000,181.340000,177.030000,46162315,83914.34,185770,
2024-09-06,IOC,EQ,181.090000,181.290000,174.700000,176.640000,181.340000,31875186,56421.28,239643,
2024-09-09,IOC,EQ,175.500000,177.210000,173.650000,175.340000,176.640000,15121584,26520.06,110660,
2024-09-10,IOC,EQ,176.110000,176.740000,174.550000,175.550000,175.340000,14875095,26115.85,88535,
2024-09-11,IOC,EQ,176.990000,177.890000,169.090000,169.740000,175.550000,29731172,51267.93,151903,
2024-09-12,IOC,EQ,171.490000,173.700000,170.070000,173.260000,169.740000,18368650,31634.94,103801,
2024-09-13,IOC,EQ,173.250000,176.000000,172.450000,173.190000,173.260000,15061240,26195.03,77605,
2024-09-16,IOC,EQ,173.800000,174.110000,171.590000,171.820000,173.190000,8492383,14647.08,67213,
2024-09-17,IOC,EQ,171.320000,171.950000,170.050000,170.510000,171.820000,6417946,10960.21,74773,
2024-09-18,IOC,EQ,170.600000,171.060000,167.600000,168.450000,170.510000,10726650,18152.79,88637,
2024-09-19,IOC,EQ,168.890000,169.940000,162.190000,165.040000,168.450000,19197503,31685.10,142402,
2024-09-20,IOC,EQ,165.400000,167.750000,165.000000,167.050000,165.040000,20652037,34399.08,95593,
2024-09-23,IOC,EQ,167.550000,170.200000,167.000000,169.730000,167.050000,9393577,15889.87,78613,
2024-09-24,IOC,EQ,169.170000,170.950000,168.800000,169.890000,169.730000,10027795,17074.01,80972,
2024-09-25,IOC,EQ,169.600000,170.940000,168.500000,169.820000,169.890000,8749024,14871.12,78155,
2024-09-26,IOC,EQ,170.210000,171.900000,168.610000,171.360000,169.820000,11349547,19333.51,68232,
2024-09-27,IOC,EQ,171.600000,180.750000,171.500000,180.010000,171.360000,52095985,92502.06,222982,
2024-09-30,IOC,EQ,179.710000,182.460000,176.170000,180.150000,180.010000,33375167,60015.45,174710,
2024-10-01,IOC,EQ,180.000000,181.340000,177.270000,179.060000,180.150000,17390545,31125.89,97622,
2024-10-03,IOC,EQ,173.220000,176.200000,170.730000,171.330000,179.060000,25392543,43939.42,187647,
2024-10-04,IOC,EQ,169.500000,170.490000,165.600000,168.650000,171.330000,25223563,42466.05,165433,
2024-10-07,IOC,EQ,170.790000,170.790000,162.100000,162.740000,168.650000,19798152,32580.23,158443,
2024-10-08,IOC,EQ,162.050000,165.000000,160.760000,164.240000,162.740000,14948163,24380.83,106945,
2024-10-09,IOC,EQ,167.790000,169.240000,164.460000,164.740000,164.240000,20278252,33665.76,164218,
2024-10-10,IOC,EQ,165.170000,167.200000,164.010000,164.390000,164.740000,10145184,16782.69,79437,
2024-10-11,IOC,EQ,164.390000,164.740000,162.600000,163.150000,164.390000,8750905,14304.35,74542,
2024-10-14,IOC,EQ,164.150000,166.010000,162.850000,165.470000,163.150000,14345120,23582.93,97732,
2024-10-15,IOC,EQ,168.000000,169.650000,166.500000,167.930000,165.470000,22551022,37869.70,120556,
2024-10-16,IOC,EQ,168.250000,171.650000,167.610000,168.390000,167.930000,21433632,36293.95,110599,
2024-10-17,IOC,EQ,168.000000,168.600000,164.000000,164.280000,168.390000,13215492,21871.18,85035,
2024-10-18,IOC,EQ,163.300000,165.970000,161.740000,165.350000,164.280000,11701011,19177.79,87340,
2024-10-21,IOC,EQ,165.100000,166.680000,159.750000,160.120000,165.350000,20627025,33286.98,153145,
2024-10-22,IOC,EQ,160.000000,160.740000,154.860000,155.310000,160.120000,15190259,23938.83,144262,
2024-10-23,IOC,EQ,154.900000,155.540000,150.150000,152.940000,155.310000,16503290,25265.34,121689,
2024-10-24,IOC,EQ,152.940000,154.340000,152.520000,153.270000,152.940000,8648491,13268.48,74785,
2024-10-25,IOC,EQ,153.500000,153.950000,145.450000,146.310000,153.270000,20505003,30327.98,189677,
2024-10-28,IOC,EQ,148.600000,149.730000,145.000000,147.020000,146.310000,21349891,31580.14,162088,
2024-10-29,IOC,EQ,141.010000,145.100000,140.560000,144.120000,147.020000,35275184,50305.20,198589,
2024-10-30,IOC,EQ,143.600000,145.440000,142.250000,143.400000,144.120000,17388536,25037.50,120028,
2024-10-31,IOC,EQ,143.400000,144.400000,141.600000,142.620000,143.400000,18657930,26642.82,139831,
2024-11-01,IOC,EQ,144.300000,145.500000,143.000000,144.990000,142.620000,4076745,5899.36,59601,
2024-11-04,IOC,EQ,144.580000,144.580000,136.360000,138.930000,144.990000,46651179,64601.25,314626,
2024-11-05,IOC,EQ,137.990000,141.100000,137.670000,140.800000,138.930000,18594095,25916.78,136284,
2024-11-06,IOC,EQ,141.610000,145.140000,141.370000,144.610000,140.800000,18107864,26024.91,119244,
2024-11-07,IOC,EQ,144.660000,145.740000,143.120000,144.150000,144.610000,14637973,21129.85,105648,
2024-11-08,IOC,EQ,143.810000,144.390000,140.000000,140.340000,144.150000,15316464,21616.16,140349,
2024-11-11,IOC,EQ,138.800000,140.700000,137.670000,139.430000,140.340000,17669364,24605.68,122439,
2024-11-12,IOC,EQ,139.600000,141.960000,138.500000,138.790000,139.430000,10561738,14799.46,99558,
2024-11-13,IOC,EQ,138.240000,139.300000,135.500000,135.990000,138.790000,12503679,17080.74,119080,
2024-11-14,IOC,EQ,135.500000,136.840000,133.750000,134.760000,135.990000,17425507,23564.10,139342,
2024-11-18,IOC,EQ,135.130000,135.820000,133.330000,134.140000,134.760000,12693551,17041.53,118096,
2024-11-19,IOC,EQ,134.860000,136.680000,132.650000,133.120000,134.140000,12696762,17168.94,116314,
2024-11-21,IOC,EQ,133.120000,133.400000,129.500000,130.710000,133.120000,15787410,20654.35,121888,
2024-11-22,IOC,EQ,131.490000,133.100000,130.730000,132.610000,130.710000,12070416,15927.16,76589,
2024-11-25,IOC,EQ,135.770000,137.960000,135.180000,136.400000,132.610000,22201129,30358.35,168417,
2024-11-26,IOC,EQ,137.300000,137.750000,136.140000,136.960000,136.400000,9265539,12703.94,78823,
2024-11-27,IOC,EQ,138.140000,139.750000,135.250000,139.000000,136.960000,18242345,24983.17,123738,
2024-11-28,IOC,EQ,139.200000,141.100000,137.250000,137.750000,139.000000,17331637,24106.67,104510,
2024-11-29,IOC,EQ,137.000000,139.260000,136.870000,138.630000,137.750000,14012364,19352.31,80830,
2024-12-02,IOC,EQ,138.220000,138.650000,136.880000,137.650000,138.630000,16069119,22095.05,82323,
2024-12-03,IOC,EQ,138.000000,139.750000,137.920000,139.510000,137.650000,13089770,18202.35,82770,
2024-12-04,IOC,EQ,139.510000,141.100000,139.150000,139.860000,139.510000,12745610,17851.63,90384,
2024-12-05,IOC,EQ,140.390000,140.390000,138.060000,139.440000,139.860000,14056789,19552.87,92919,
2024-12-06,IOC,EQ,140.650000,143.540000,140.300000,141.960000,139.440000,20687458,29393.25,109927,
2024-12-09,IOC,EQ,141.960000,143.150000,141.310000,142.330000,141.960000,16119047,22954.59,94500,
2024-12-10,IOC,EQ,142.100000,144.440000,141.930000,143.540000,142.330000,13694082,19641.79,100990,
2024-12-11,IOC,EQ,143.490000,144.440000,142.940000,143.190000,143.540000,9714837,13951.97,79293,
2024-12-12,IOC,EQ,142.250000,143.190000,140.870000,141.480000,143.190000,14929334,21215.70,82065,
2024-12-13,IOC,EQ,144.740000,145.100000,140.880000,144.240000,141.480000,36825429,52790.36,158485,
2024-12-16,IOC,EQ,144.320000,144.950000,142.200000,143.160000,144.240000,12428446,17804.51,92869,
2024-12-17,IOC,EQ,143.000000,143.200000,140.000000,140.320000,143.160000,11896291,16812.33,102813,
2024-12-18,IOC,EQ,139.150000,140.690000,136.330000,136.710000,140.320000,12013629,16546.78,114041,
2024-12-19,IOC,EQ,134.000000,140.300000,133.540000,139.620000,136.710000,18879012,26104.62,102429,
2024-12-20,IOC,EQ,139.680000,141.650000,136.600000,137.080000,139.620000,19545043,27137.63,105901,
2024-12-23,IOC,EQ,138.080000,139.800000,137.270000,137.780000,137.080000,12517478,17309.94,76607,
2024-12-24,IOC,EQ,137.910000,139.460000,137.410000,138.270000,137.780000,7802858,10807.73,55113,
2024-12-26,IOC,EQ,138.300000,139.620000,137.110000,137.850000,138.270000,8620779,11904.50,72629,
2024-12-27,IOC,EQ,138.050000,138.790000,136.100000,136.250000,137.850000,6146307,8436.73,55399,
2024-12-30,IOC,EQ,136.250000,136.830000,134.100000,134.610000,136.250000,29229520,39431.78,116440,
2024-12-31,IOC,EQ,134.520000,137.240000,134.220000,136.410000,134.610000,8243910,11198.54,54730,
2025-01-01,IOC,EQ,135.800000,137.360000,135.700000,137.040000,136.410000,4144374,5665.39,42577,
2025-01-02,IOC,EQ,136.410000,138.210000,135.650000,137.960000,137.040000,10625223,14571.70,55694,
2025-01-03,IOC,EQ,137.720000,139.830000,137.130000,138.140000,137.960000,14567050,20168.43,92152,
2025-01-06,IOC,EQ,138.140000,138.480000,132.050000,132.880000,138.140000,19711596,26393.30,155932,
2025-01-07,IOC,EQ,133.490000,136.280000,133.200000,134.330000,132.880000,13658286,18429.65,127323,
2025-01-08,IOC,EQ,134.150000,135.500000,133.090000,134.600000,134.330000,14259056,19141.70,210808,
2025-01-09,IOC,EQ,134.640000,134.800000,132.000000,132.200000,134.600000,9734279,12944.62,126704,
2025-01-10,IOC,EQ,132.200000,133.000000,129.750000,130.280000,132.200000,12948066,16982.46,136203,
2025-01-13,IOC,EQ,128.030000,128.390000,121.160000,121.990000,130.280000,30291583,37533.69,303882,
2025-01-14,IOC,EQ,123.000000,127.200000,122.720000,126.630000,121.990000,17430438,21911.80,105030,
2025-01-15,IOC,EQ,128.260000,128.870000,126.220000,126.950000,126.630000,11472116,14645.87,87492,
2025-01-16,IOC,EQ,127.950000,128.270000,126.550000,127.100000,126.950000,11843193,15071.38,75987,
2025-01-17,IOC,EQ,127.000000,128.490000,126.300000,128.070000,127.100000,24617689,31385.74,91130,
2025-01-20,IOC,EQ,128.850000,131.180000,126.810000,130.500000,128.070000,8234561,10635.57,68202,
2025-01-21,IOC,EQ,131.700000,133.660000,130.650000,131.080000,130.500000,20272605,26759.01,205763,
2025-01-22,IOC,EQ,132.200000,132.600000,128.440000,130.520000,131.080000,9202153,11956.63,74474,
2025-01-23,IOC,EQ,130.400000,130.690000,128.840000,129.830000,130.520000,7058477,9156.52,74363,
2025-01-24,IOC,EQ,130.990000,132.750000,127.900000,128.260000,129.830000,12630632,16411.38,93340,
2025-01-27,IOC,EQ,127.970000,127.970000,122.500000,124.170000,128.260000,18934026,23710.86,172792,
2025-01-28,IOC,EQ,124.170000,125.850000,121.840000,122.580000,124.170000,19861475,24469.28,137543,
2025-01-29,IOC,EQ,123.190000,124.390000,122.900000,123.640000,122.580000,12017314,14854.69,107022,
2025-01-30,IOC,EQ,124.400000,128.500000,123.860000,127.120000,123.640000,17776744,22541.62,85636,
2025-01-31,IOC,EQ,127.120000,128.850000,126.150000,128.490000,127.120000,9686000,12404.29,56944,
2025-02-03,IOC,EQ,124.110000,124.200000,120.100000,120.960000,125.420000,26047332,31594.20,190598,
2025-02-04,IOC,EQ,122.700000,124.680000,122.500000,124.460000,120.960000,14405748,17842.61,80707,
2025-02-05,IOC,EQ,125.490000,128.480000,125.460000,126.430000,124.460000,11469878,14594.86,82144,
2025-02-06,IOC,EQ,128.050000,128.220000,125.320000,126.020000,126.430000,9804040,12425.54,68256,
2025-02-07,IOC,EQ,126.030000,126.750000,124.430000,125.110000,126.020000,8892600,11167.59,63225,
2025-02-10,IOC,EQ,125.000000,126.620000,122.860000,123.180000,125.110000,12773729,15783.57,93295,
2025-02-11,IOC,EQ,123.180000,123.740000,120.000000,120.470000,123.180000,14532810,17628.69,103327,
2025-02-12,IOC,EQ,120.690000,121.200000,117.280000,120.420000,120.470000,14799271,17674.17,99334,
2025-02-13,IOC,EQ,121.000000,122.000000,119.950000,120.080000,120.420000,10136689,12261.80,75975,
2025-02-14,IOC,EQ,120.500000,121.240000,116.000000,117.250000,120.080000,12351973,14559.99,113217,
2025-02-17,IOC,EQ,117.250000,118.800000,114.400000,118.450000,117.250000,12518983,14656.54,89388,
2025-02-18,IOC,EQ,118.450000,119.250000,116.310000,119.000000,118.450000,8678689,10232.02,64711,
2025-02-19,IOC,EQ,118.110000,120.170000,117.900000,119.870000,119.000000,9158990,10935.17,79135,
2025-02-20,IOC,EQ,119.840000,122.950000,118.980000,122.790000,119.870000,9940851,12107.57,73950,
2025-02-21,IOC,EQ,122.000000,123.710000,120.830000,121.330000,122.790000,9657933,11779.35,82938,
2025-02-24,IOC,EQ,120.250000,121.310000,119.400000,120.220000,121.330000,8764985,10553.31,77068,
2025-02-25,IOC,EQ,120.220000,120.710000,118.400000,118.650000,120.220000,7607411,9087.52,77030,
2025-02-27,IOC,EQ,118.260000,119.000000,116.090000,116.420000,118.650000,10709253,12532.81,84848,
2025-02-28,IOC,EQ,116.000000,116.210000,112.920000,113.490000,116.420000,24161878,27545.94,122438,
2025-03-03,IOC,EQ,114.700000,115.350000,110.720000,114.560000,113.490000,18881646,21351.35,108432,
2025-03-04,IOC,EQ,113.100000,118.450000,111.910000,118.040000,114.560000,14145658,16484.05,82238,
2025-03-05,IOC,EQ,118.040000,122.580000,117.750000,122.250000,118.040000,19577861,23735.87,81301,
2025-03-06,IOC,EQ,124.600000,126.880000,123.950000,125.840000,122.250000,19384187,24323.28,101899,
2025-03-07,IOC,EQ,125.750000,126.300000,123.700000,124.840000,125.840000,14763396,18463.53,83264,
2025-03-10,IOC,EQ,124.000000,125.440000,121.100000,121.590000,124.840000,12727300,15685.39,117719,
2025-03-11,IOC,EQ,121.190000,125.250000,120.340000,124.820000,121.590000,18090217,22378.45,90250,
2025-03-12,IOC,EQ,125.000000,127.800000,124.180000,125.290000,124.820000,14079943,17687.70,65765,
2025-03-13,IOC,EQ,125.000000,126.470000,124.330000,125.670000,125.290000,10882226,13677.63,46583,
2025-03-17,IOC,EQ,125.430000,126.000000,123.150000,124.110000,125.670000,13126163,16314.34,75491,
2025-03-18,IOC,EQ,124.500000,125.500000,123.680000,125.150000,124.110000,8940367,11145.99,73484,
2025-03-19,IOC,EQ,125.310000,127.900000,125.310000,127.750000,125.150000,11273526,14319.83,66992,
2025-03-20,IOC,EQ,128.400000,131.000000,127.420000,129.210000,127.750000,13947925,18053.52,74897,
2025-03-21,IOC,EQ,129.260000,133.450000,128.750000,131.510000,129.210000,42928510,56366.49,111250,
2025-03-24,IOC,EQ,133.000000,134.330000,131.370000,133.670000,131.510000,13965745,18592.92,81287,
2025-03-25,IOC,EQ,134.000000,134.230000,130.450000,131.030000,133.670000,12380949,16326.95,76484,
2025-03-26,IOC,EQ,130.900000,133.300000,128.900000,129.090000,131.030000,16379725,21458.00,90883,
2025-03-27,IOC,EQ,129.050000,130.950000,128.520000,130.360000,129.090000,13141045,17020.19,63729,
2025-03-28,IOC,EQ,130.000000,131.270000,127.500000,127.700000,130.360000,15396398,19895.53,70734,
2025-04-01,IOC,EQ,128.000000,131.500000,127.250000,131.240000,127.700000,12740476,16582.19,94333,
2025-04-02,IOC,EQ,130.820000,131.500000,128.000000,131.310000,131.240000,8531198,11100.07,59817,
2025-04-03,IOC,EQ,130.100000,133.200000,129.880000,131.060000,131.310000,9909642,13021.99,58477,
2025-04-04,IOC,EQ,132.910000,134.250000,128.880000,130.140000,131.060000,21497796,28108.07,94537,
2025-04-07,IOC,EQ,122.450000,129.610000,122.350000,128.090000,130.140000,24739154,31400.63,112872,
2025-04-08,IOC,EQ,129.480000,131.720000,128.200000,130.980000,128.090000,12634136,16471.03,61415,
2025-04-09,IOC,EQ,132.000000,132.500000,128.780000,131.620000,130.980000,14769184,19316.09,65662,
2025-04-11,IOC,EQ,132.500000,132.600000,131.060000,131.830000,131.620000,10020795,13216.05,64535,
2025-04-15,IOC,EQ,133.400000,133.400000,132.000000,132.870000,131.830000,10142685,13483.86,62165,
2025-04-16,IOC,EQ,132.990000,134.150000,132.310000,133.830000,132.870000,9200167,12273.04,71490,
2025-04-17,IOC,EQ,133.500000,134.800000,132.900000,134.300000,133.830000,10404917,13929.65,65971,
2025-04-21,IOC,EQ,135.170000,139.700000,134.310000,138.680000,134.300000,20249817,27862.41,171163,
2025-04-22,IOC,EQ,139.150000,139.430000,137.200000,138.310000,138.680000,12648948,17535.23,108772,
2025-04-23,IOC,EQ,138.950000,139.180000,135.770000,137.650000,138.310000,12689457,17424.98,77370,
2025-04-24,IOC,EQ,137.650000,139.330000,137.310000,138.390000,137.650000,8177419,11319.99,48632,
2025-04-25,IOC,EQ,138.400000,139.500000,132.820000,134.650000,138.390000,14663542,19784.25,82294,
2025-04-28,IOC,EQ,133.810000,137.350000,133.650000,136.490000,134.650000,10943944,14888.19,57115,
2025-04-29,IOC,EQ,137.300000,138.250000,135.530000,135.780000,136.490000,15222917,20807.24,84659,
2025-04-30,IOC,EQ,136.500000,139.900000,136.450000,137.860000,135.780000,39902398,55189.85,142558,
2025-05-02,IOC,EQ,139.790000,144.090000,138.110000,143.280000,137.860000,51965473,74080.71,227750,
2025-05-05,IOC,EQ,145.000000,149.740000,144.750000,148.560000,143.280000,47549493,70413.67,231354,
2025-05-06,IOC,EQ,149.300000,149.800000,143.630000,144.080000,148.560000,18018626,26343.23,106216,
2025-05-07,IOC,EQ,140.000000,145.140000,140.000000,144.490000,144.080000,19316740,27747.95,93858,
2025-05-08,IOC,EQ,144.540000,146.390000,139.500000,140.990000,144.490000,12047287,17204.58,102108,
2025-05-09,IOC,EQ,138.000000,140.850000,137.610000,139.990000,140.990000,15348575,21395.47,82999,
2025-05-12,IOC,EQ,144.000000,144.450000,141.710000,142.350000,139.990000,13526883,19307.34,66122,
2025-05-13,IOC,EQ,142.350000,142.980000,141.000000,141.690000,142.350000,9484801,13451.96,58961,
2025-05-14,IOC,EQ,141.990000,143.910000,141.950000,143.470000,141.690000,9987794,14298.16,66435,
2025-05-15,IOC,EQ,144.000000,146.000000,143.570000,145.000000,143.470000,10181275,14751.37,60771,
2025-05-16,IOC,EQ,145.000000,146.850000,144.430000,144.720000,145.000000,14529013,21115.59,68157,
2025-05-19,IOC,EQ,145.000000,145.820000,144.100000,144.690000,144.720000,6802870,9859.17,49721,
2025-05-20,IOC,EQ,145.000000,145.810000,141.390000,141.920000,144.690000,11330045,16209.66,68465,
2025-05-21,IOC,EQ,141.600000,143.630000,140.550000,143.390000,141.920000,8705960,12413.28,56824,
2025-05-22,IOC,EQ,142.590000,144.200000,141.870000,143.290000,143.390000,7157328,10247.46,52115,
2025-05-23,IOC,EQ,143.280000,145.430000,143.000000,144.060000,143.290000,9699995,14011.48,50677,
2025-05-26,IOC,EQ,144.060000,144.720000,142.900000,143.580000,144.060000,5996548,8610.66,42008,
2025-05-27,IOC,EQ,143.580000,144.120000,142.500000,143.410000,143.580000,4970656,7122.22,48558,
2025-05-28,IOC,EQ,143.390000,144.450000,142.710000,144.200000,143.410000,6390053,9183.30,38375,
2025-05-29,IOC,EQ,144.250000,144.830000,142.620000,143.700000,144.200000,7054326,10120.52,55494,
2025-05-30,IOC,EQ,143.700000,144.400000,141.210000,141.970000,143.700000,28315951,40260.64,66582,
2025-06-02,IOC,EQ,141.970000,143.500000,141.460000,143.380000,141.970000,7051525,10055.02,73605,
2025-06-03,IOC,EQ,143.900000,144.000000,140.600000,141.040000,143.380000,7002799,9953.34,62767,
2025-06-04,IOC,EQ,141.000000,141.400000,139.100000,140.670000,141.040000,11904779,16664.16,68564,
2025-06-05,IOC,EQ,140.660000,141.660000,139.030000,139.240000,140.670000,9478214,13274.64,90824,
2025-06-06,IOC,EQ,139.240000,141.080000,139.240000,140.780000,139.240000,5702365,8013.78,41516,
2025-06-09,IOC,EQ,141.000000,143.490000,140.830000,143.320000,140.780000,9972191,14213.46,107259,
2025-06-10,IOC,EQ,143.150000,143.400000,142.000000,142.190000,143.320000,7906157,11277.51,99018,
2025-06-11,IOC,EQ,142.400000,147.200000,142.190000,145.150000,142.190000,28652440,41712.99,134081,
2025-06-12,IOC,EQ,144.680000,144.770000,141.500000,142.990000,145.150000,30425949,43473.51,97953,
2025-06-13,IOC,EQ,139.000000,143.190000,137.010000,140.340000,142.990000,23705826,33307.01,116320,
2025-06-16,IOC,EQ,140.000000,142.200000,138.900000,141.850000,140.340000,15176810,21317.28,57250,
2025-06-17,IOC,EQ,141.300000,143.470000,141.200000,141.680000,141.850000,9983651,14210.19,64916,
2025-06-18,IOC,EQ,141.020000,142.090000,139.500000,140.820000,141.680000,9045315,12728.42,72842,
2025-06-19,IOC,EQ,140.760000,141.190000,138.330000,138.670000,140.820000,5943647,8284.15,43445,
2025-06-20,IOC,EQ,138.290000,139.160000,137.000000,138.650000,138.670000,33690253,46585.50,235710,
2025-06-23,IOC,EQ,137.000000,140.170000,136.400000,139.920000,138.650000,14001242,19356.92,95290,
2025-06-24,IOC,EQ,144.400000,145.300000,142.160000,142.840000,139.920000,25393037,36527.04,115194,
2025-06-25,IOC,EQ,143.310000,144.000000,141.670000,141.980000,142.840000,15297425,21817.16,99522,
2025-06-26,IOC,EQ,142.100000,146.950000,142.010000,146.280000,141.980000,24194161,35036.33,116753,
2025-06-27,IOC,EQ,146.280000,148.300000,146.000000,147.220000,146.280000,19189378,28253.36,92716,
2025-06-30,IOC,EQ,147.260000,149.500000,146.420000,146.960000,147.220000,10645295,15729.59,87269,
2025-07-01,IOC,EQ,146.510000,148.200000,146.190000,147.140000,146.960000,9899904,14564.64,78814,
2025-07-02,IOC,EQ,148.000000,148.950000,147.020000,147.910000,147.140000,7881728,11650.50,46997,
2025-07-03,IOC,EQ,147.990000,148.750000,147.500000,147.870000,147.910000,8006482,11853.25,65723,
2025-07-04,IOC,EQ,149.700000,151.990000,147.860000,151.620000,147.870000,22612766,33891.15,98277,
2025-07-07,IOC,EQ,152.020000,154.900000,151.810000,153.750000,151.620000,24354631,37380.06,123617,
2025-07-08,IOC,EQ,154.800000,154.970000,152.830000,153.820000,153.750000,13876094,21347.56,83414,
2025-07-09,IOC,EQ,153.460000,153.730000,150.090000,150.250000,153.820000,12440150,18819.38,78973,
2025-07-10,IOC,EQ,150.750000,152.650000,150.000000,152.330000,150.250000,14545796,22031.76,62368,
2025-07-11,IOC,EQ,155.000000,155.000000,150.260000,150.650000,152.330000,12767735,19350.96,71543,
2025-07-14,IOC,EQ,150.650000,151.600000,149.620000,150.100000,150.650000,8021902,12068.20,58267,
2025-07-15,IOC,EQ,150.550000,151.900000,150.540000,151.400000,150.100000,4853043,7337.51,37022,
2025-07-16,IOC,EQ,151.200000,152.680000,150.630000,152.040000,151.400000,7218210,10955.05,48570,
2025-07-17,IOC,EQ,152.370000,152.470000,150.620000,150.960000,152.040000,6727858,10177.66,44015,
2025-07-18,IOC,EQ,150.510000,151.610000,148.600000,150.060000,150.960000,9017783,13530.01,56523,
2025-07-21,IOC,EQ,149.520000,151.200000,149.070000,151.070000,150.060000,5030900,7568.71,38786,
2025-07-22,IOC,EQ,151.300000,152.440000,150.650000,151.980000,151.070000,11381024,17277.07,45079,
2025-07-23,IOC,EQ,152.010000,152.600000,150.720000,152.350000,151.980000,7597121,11531.28,36535,
2025-07-24,IOC,EQ,152.020000,152.750000,150.710000,151.220000,152.350000,5879844,8911.44,38911,
2025-07-25,IOC,EQ,151.000000,151.740000,146.580000,146.960000,151.220000,11646131,17300.16,60823,
2025-07-28,IOC,EQ,146.960000,148.640000,146.700000,147.560000,146.960000,6023438,8898.88,39563,
2025-07-29,IOC,EQ,146.500000,148.200000,146.500000,147.940000,147.560000,4240012,6256.76,34187,
2025-07-30,IOC,EQ,147.500000,150.190000,146.250000,149.040000,147.940000,9331773,13863.54,63055,
2025-07-31,IOC,EQ,146.550000,147.200000,144.320000,145.620000,149.040000,11960546,17426.82,61565,
2025-08-01,IOC,EQ,145.330000,146.290000,140.660000,141.030000,145.620000,8981850,12821.35,113720,
2025-08-04,IOC,EQ,141.720000,142.900000,139.720000,142.380000,141.030000,8163596,11542.00,71727,
2025-08-05,IOC,EQ,142.520000,143.000000,139.400000,141.270000,142.380000,11034758,15544.49,63966,
2025-08-06,IOC,EQ,142.490000,143.280000,141.710000,142.270000,141.270000,7574568,10778.60,40529,
2025-08-07,IOC,EQ,141.010000,143.000000,140.000000,141.670000,142.270000,8365458,11817.70,49627,
2025-08-08,IOC,EQ,139.990000,142.000000,139.310000,139.910000,141.670000,9551412,13447.73,58186,
2025-08-11,IOC,EQ,141.600000,142.950000,139.350000,141.410000,139.910000,11260944,15901.38,70522,
2025-08-12,IOC,EQ,141.110000,143.850000,140.860000,142.650000,141.410000,12858483,18352.62,63384,
2025-08-13,IOC,EQ,142.650000,143.400000,141.700000,142.430000,142.650000,4990372,7113.42,41918,
2025-08-14,IOC,EQ,143.000000,143.160000,139.860000,140.130000,142.430000,11453732,16141.71,64226,
2025-08-18,IOC,EQ,142.000000,142.600000,139.250000,140.310000,140.130000,11766741,16497.66,70746,
2025-08-19,IOC,EQ,140.400000,142.130000,138.800000,142.010000,140.310000,8913748,12554.43,71686,
2025-08-20,IOC,EQ,142.010000,142.700000,141.210000,141.440000,142.010000,5531826,7852.35,56917,
2025-08-21,IOC,EQ,141.650000,142.900000,141.280000,141.440000,141.440000,8746473,12422.46,50140,
2025-08-22,IOC,EQ,141.400000,141.800000,139.450000,139.950000,141.440000,5874783,8238.28,45322,
2025-08-25,IOC,EQ,139.950000,140.370000,139.190000,139.960000,139.950000,8282860,11561.72,45650,
2025-08-26,IOC,EQ,139.500000,140.420000,138.550000,138.960000,139.960000,10846493,15091.21,62992,
2025-08-28,IOC,EQ,139.000000,139.930000,138.100000,138.490000,138.960000,8420916,11689.47,64858,
2025-08-29,IOC,EQ,138.490000,139.490000,136.460000,136.620000,138.490000,10577763,14530.47,60951,
2025-09-01,IOC,EQ,137.000000,139.740000,136.760000,139.560000,136.620000,6229505,8619.87,48674,
2025-09-02,IOC,EQ,139.560000,140.660000,139.100000,139.620000,139.560000,3714758,5197.38,31721,
2025-09-03,IOC,EQ,139.600000,141.400000,139.510000,140.490000,139.620000,4902101,6892.49,35877,
2025-09-04,IOC,EQ,141.180000,141.700000,139.350000,139.680000,140.490000,4768126,6679.81,41095,
2025-09-05,IOC,EQ,139.450000,140.700000,138.470000,139.650000,139.680000,4533550,6322.54,36616,
2025-09-08,IOC,EQ,140.000000,141.890000,140.000000,140.900000,139.650000,5069174,7154.42,37737,
2025-09-09,IOC,EQ,141.140000,142.100000,140.500000,140.940000,140.900000,3636766,5132.13,30466,
2025-09-10,IOC,EQ,141.260000,141.710000,140.810000,141.140000,140.940000,4302236,6074.75,31885,
2025-09-11,IOC,EQ,141.050000,145.390000,140.870000,143.930000,141.140000,15031791,21644.18,75918,
2025-09-12,IOC,EQ,144.980000,145.200000,142.420000,142.610000,143.930000,9001678,12911.81,60325,
2025-09-15,IOC,EQ,142.740000,144.190000,142.310000,143.990000,142.610000,8158591,11680.04,72199,
2025-09-16,IOC,EQ,144.050000,145.140000,143.820000,144.980000,143.990000,6389632,9252.19,61393,
2025-09-17,IOC,EQ,145.040000,147.240000,144.920000,145.940000,144.980000,9549049,13937.37,60521,
2025-09-18,IOC,EQ,146.050000,147.270000,145.510000,147.150000,145.940000,8002633,11740.74,72292,
2025-09-19,IOC,EQ,146.990000,149.950000,146.730000,148.500000,147.150000,14995288,22294.02,68139,
2025-09-22,IOC,EQ,148.500000,149.100000,147.260000,148.300000,148.500000,9720233,14400.94,84186,
2025-09-23,IOC,EQ,148.090000,149.140000,147.550000,148.240000,148.300000,7296186,10826.31,45716,
2025-09-24,IOC,EQ,148.030000,148.890000,146.510000,146.770000,148.240000,6288775,9272.80,39145,
2025-09-25,IOC,EQ,146.020000,148.130000,145.740000,146.220000,146.770000,8605676,12656.87,89582,
2025-09-26,IOC,EQ,146.020000,146.220000,143.800000,145.040000,146.220000,11925305,17254.07,75365,
2025-09-29,IOC,EQ,145.040000,149.950000,145.040000,149.310000,145.040000,16918652,25180.80,98572,
2025-09-30,IOC,EQ,150.040000,151.250000,149.000000,149.790000,149.310000,13201863,19805.25,79591,
2025-10-01,IOC,EQ,150.400000,151.980000,149.010000,149.700000,149.790000,7658596,11515.81,55548,
2025-10-03,IOC,EQ,150.000000,150.840000,148.640000,150.390000,149.700000,5989839,8976.76,47462,
2025-10-06,IOC,EQ,150.980000,155.290000,150.520000,154.840000,150.390000,18473741,28304.27,166107,
2025-10-07,IOC,EQ,154.760000,155.750000,153.800000,154.370000,154.840000,11389659,17606.75,71982,
2025-10-08,IOC,EQ,154.000000,156.280000,153.380000,153.570000,154.370000,9953844,15400.14,77436,
2025-10-09,IOC,EQ,154.020000,157.200000,153.330000,155.250000,153.570000,13999206,21785.49,94374,
2025-10-10,IOC,EQ,155.510000,156.990000,153.700000,154.110000,155.250000,7992863,12405.10,71779,
2025-10-13,IOC,EQ,153.710000,155.700000,152.120000,155.260000,154.110000,11375913,17464.57,66862,
2025-10-14,IOC,EQ,155.740000,156.780000,152.600000,152.810000,155.260000,5976061,9228.08,58826,
2025-10-15,IOC,EQ,153.240000,154.950000,152.830000,153.690000,152.810000,19147599,29431.40,51285,
2025-10-16,IOC,EQ,153.900000,154.500000,152.100000,153.670000,153.690000,7119984,10921.24,48323,
2025-10-17,IOC,EQ,153.750000,154.600000,152.030000,152.910000,153.670000,7126668,10920.60,57456,
2025-10-20,IOC,EQ,153.300000,154.350000,152.710000,153.850000,152.910000,5564426,8549.39,41063,
2025-10-21,IOC,EQ,153.900000,155.000000,153.700000,154.130000,153.850000,1188949,1833.42,15869,
2025-10-23,IOC,EQ,154.000000,154.000000,149.810000,150.120000,154.130000,13612250,20555.14,168412,
2025-10-24,IOC,EQ,150.000000,151.290000,149.150000,150.370000,150.120000,8519673,12808.70,58139,
2025-10-27,IOC,EQ,151.300000,155.370000,151.130000,155.200000,150.370000,16809115,25899.29,86339,
2025-10-28,IOC,EQ,156.400000,157.480000,153.450000,154.520000,155.200000,22709449,35271.87,88070,
2025-10-29,IOC,EQ,155.000000,163.730000,155.000000,163.090000,154.520000,58449093,94136.19,243273,
2025-10-30,IOC,EQ,163.090000,167.100000,162.150000,163.510000,163.090000,33405636,54971.93,168995,
2025-10-31,IOC,EQ,163.510000,166.910000,163.090000,165.900000,163.510000,25385134,42083.12,125613,
2025-11-03,IOC,EQ,167.000000,168.700000,165.900000,167.730000,165.900000,19190570,32175.87,109547,
2025-11-04,IOC,EQ,168.000000,170.150000,167.130000,169.250000,167.730000,23469790,39724.65,113688,
2025-11-06,IOC,EQ,170.020000,170.030000,167.350000,168.370000,169.250000,19729771,33219.74,100178,
2025-11-07,IOC,EQ,167.210000,169.550000,166.100000,169.160000,168.370000,12104934,20350.26,91607,
2025-11-10,IOC,EQ,169.140000,171.390000,168.500000,169.390000,169.160000,12402893,21044.92,89993,
2025-11-11,IOC,EQ,168.900000,173.490000,167.320000,172.440000,169.390000,20113006,34436.55,110897,
2025-11-12,IOC,EQ,172.700000,174.500000,171.510000,172.300000,172.440000,16003745,27636.75,94786,
2025-11-13,IOC,EQ,172.690000,174.450000,171.450000,172.450000,172.300000,11618468,20033.56,88267,
2025-11-14,IOC,EQ,172.400000,174.210000,170.400000,171.250000,172.450000,11051895,18961.84,87225,
2025-11-17,IOC,EQ,171.160000,174.400000,171.160000,173.120000,171.250000,13233156,22908.56,79553,
2025-11-18,IOC,EQ,173.500000,174.000000,169.800000,171.590000,173.120000,17543851,30047.14,96556,
2025-11-19,IOC,EQ,171.510000,172.230000,168.850000,169.330000,171.590000,10315121,17571.83,74402,
2025-11-20,IOC,EQ,170.100000,170.700000,168.140000,168.700000,169.330000,9529662,16121.90,53944,
2025-11-21,IOC,EQ,168.000000,168.610000,166.200000,167.350000,168.700000,9261908,15483.54,54369,
2025-11-24,IOC,EQ,167.000000,167.810000,165.050000,165.690000,167.350000,16397744,27201.94,75776,
2025-11-25,IOC,EQ,164.900000,165.400000,163.090000,164.120000,165.690000,9625540,15779.15,69087,
2025-11-26,IOC,EQ,164.120000,166.000000,163.570000,165.590000,164.120000,5855993,9683.72,45539,
2025-11-27,IOC,EQ,165.590000,166.000000,162.550000,163.810000,165.590000,4631417,7582.33,51530,
2025-11-28,IOC,EQ,163.500000,163.700000,161.500000,161.750000,163.810000,5937318,9618.93,50534,
2025-12-01,IOC,EQ,162.030000,164.440000,162.030000,162.970000,161.750000,10208196,16638.19,64748,
2025-12-02,IOC,EQ,163.510000,165.120000,161.730000,162.340000,162.970000,13247668,21616.13,90678,
2025-12-03,IOC,EQ,162.200000,164.560000,161.000000,164.110000,162.340000,11250522,18368.16,66040,
2025-12-04,IOC,EQ,164.000000,164.700000,162.010000,162.760000,164.110000,6382061,10390.31,44380,
2025-12-05,IOC,EQ,162.710000,163.840000,161.900000,163.660000,162.760000,6124074,9989.60,70401,
2025-12-08,IOC,EQ,163.660000,164.420000,161.000000,162.100000,163.660000,8744916,14224.59,88098,
2025-12-09,IOC,EQ,162.200000,163.330000,160.330000,163.010000,162.100000,10272407,16655.01,53346,
2025-12-10,IOC,EQ,163.250000,166.490000,162.450000,163.070000,163.010000,12155035,19969.78,106936,
2025-12-11,IOC,EQ,163.270000,164.000000,160.500000,161.750000,163.070000,8829634,14265.37,74448,
2025-12-12,IOC,EQ,162.350000,164.900000,162.060000,163.670000,161.750000,13492656,22072.88,103423,
2025-12-15,IOC,EQ,165.170000,169.000000,162.450000,168.550000,163.670000,33661881,55931.10,171199,
2025-12-16,IOC,EQ,169.510000,169.710000,166.010000,167.740000,168.550000,26675256,44765.39,112597,
2025-12-17,IOC,EQ,168.640000,169.400000,167.250000,168.160000,167.740000,17416464,29292.63,76142,
2025-12-18,IOC,EQ,162.000000,163.800000,161.280000,161.750000,168.160000,10014354,16235.13,52201,
2025-12-19,IOC,EQ,161.200000,162.900000,160.410000,162.600000,161.750000,14335462,23199.26,68759,
2025-12-22,IOC,EQ,162.600000,164.400000,162.120000,163.660000,162.600000,9224512,15100.13,47648,
2025-12-23,IOC,EQ,163.650000,165.500000,162.660000,163.270000,163.660000,8439146,13828.35,41352,
2025-12-24,IOC,EQ,163.300000,163.410000,161.000000,161.170000,163.270000,7879339,12760.59,56932,
2025-12-26,IOC,EQ,161.100000,161.940000,159.610000,160.300000,161.170000,7762050,12439.58,51718,
2025-12-29,IOC,EQ,159.560000,162.800000,159.530000,161.980000,160.300000,8219066,13281.81,47862,
2025-12-30,IOC,EQ,162.000000,162.890000,160.980000,161.570000,161.980000,8132881,13159.18,54068,
2025-12-31,IOC,EQ,161.570000,167.330000,161.430000,166.460000,161.570000,24383706,40426.43,97851,
2026-01-01,IOC,EQ,167.000000,168.200000,164.920000,165.880000,166.460000,9679405,16083.31,47031,
2026-01-02,IOC,EQ,166.700000,167.350000,164.910000,166.790000,165.880000,9638213,15990.46,61260,
2026-01-05,IOC,EQ,166.800000,168.790000,163.600000,165.010000,166.790000,9692902,16088.78,76824,
2026-01-06,IOC,EQ,164.700000,164.890000,161.300000,164.000000,165.010000,11514726,18763.95,84789,
2026-01-07,IOC,EQ,164.100000,165.000000,162.000000,162.670000,164.000000,10582454,17249.55,75417,
2026-01-08,IOC,EQ,162.670000,162.700000,155.800000,156.370000,162.670000,13567688,21478.66,101764,
2026-01-09,IOC,EQ,155.200000,158.420000,155.110000,157.610000,156.370000,10896400,17148.03,57085,
2026-01-12,IOC,EQ,157.000000,158.610000,154.770000,158.240000,157.610000,6011542,9414.83,49882,
2026-01-13,IOC,EQ,158.700000,159.400000,155.750000,157.400000,158.240000,7763679,12221.22,59410,
2026-01-14,IOC,EQ,157.000000,159.590000,156.090000,159.160000,157.400000,10309941,16339.28,77494,
2026-01-16,IOC,EQ,160.000000,162.150000,159.850000,161.320000,159.160000,15011308,24202.20,118585,
2026-01-19,IOC,EQ,161.000000,162.250000,159.340000,160.900000,161.320000,8651736,13898.52,67330,
2026-01-20,IOC,EQ,160.900000,161.350000,158.000000,158.430000,160.900000,10243937,16291.55,69411,
2026-01-21,IOC,EQ,158.430000,160.440000,156.610000,158.820000,158.430000,11797545,18725.01,79745,
2026-01-22,IOC,EQ,159.800000,161.950000,158.060000,159.050000,158.820000,8809678,14074.82,55539,
2026-01-23,IOC,EQ,159.090000,160.400000,155.610000,156.030000,159.050000,9542103,15034.73,93370,
2026-01-27,IOC,EQ,156.700000,159.900000,155.640000,158.900000,156.030000,11148012,17601.16,72320,
2026-01-28,IOC,EQ,159.000000,164.000000,158.540000,162.850000,158.900000,15795631,25620.23,91487,
2026-01-29,IOC,EQ,162.720000,164.650000,161.770000,163.090000,162.850000,16100725,26300.16,69589,
2026-01-30,IOC,EQ,163.000000,163.820000,160.830000,163.240000,163.090000,11627532,18924.82,71804,
2026-02-02,IOC,EQ,160.500000,165.400000,159.050000,164.610000,159.690000,14590517,23664.25,86687,
2026-02-03,IOC,EQ,168.500000,168.690000,164.400000,167.580000,164.610000,14585846,24307.91,75156,
2026-02-04,IOC,EQ,167.000000,173.700000,166.320000,172.780000,167.580000,28164545,48480.29,136902,
2026-02-05,IOC,EQ,174.240000,177.900000,172.420000,175.770000,172.780000,34830200,61044.70,172049,
2026-02-06,IOC,EQ,176.990000,180.900000,173.280000,175.200000,175.770000,34240417,60407.78,160275,
2026-02-09,IOC,EQ,175.950000,177.290000,175.000000,176.160000,175.200000,12380924,21839.22,97483,
2026-02-10,IOC,EQ,176.790000,178.900000,175.200000,178.210000,176.160000,21506950,38177.75,112160,
2026-02-11,IOC,EQ,178.000000,181.600000,176.820000,181.310000,178.210000,25578553,46036.30,113119,
2026-02-12,IOC,EQ,182.250000,182.250000,175.300000,178.110000,181.310000,24014261,42802.62,133514,
2026-02-13,IOC,EQ,177.280000,177.900000,176.040000,176.770000,178.110000,9835632,17397.84,70795,
2026-02-16,IOC,EQ,175.900000,175.900000,173.450000,175.150000,176.770000,6184219,10792.63,44699,
2026-02-17,IOC,EQ,174.950000,176.150000,172.170000,175.810000,175.150000,5249228,9146.90,37785,
2026-02-18,IOC,EQ,175.860000,179.000000,175.860000,178.740000,175.810000,8191312,14557.50,53969,
2026-02-19,IOC,EQ,177.710000,177.990000,173.390000,174.300000,178.740000,13677449,24059.36,178597,
2026-02-20,IOC,EQ,173.600000,174.440000,172.300000,173.790000,174.300000,8935995,15494.71,92515,
2026-02-23,IOC,EQ,174.890000,177.300000,173.670000,176.460000,173.790000,11422407,20108.03,136676,
2026-02-24,IOC,EQ,176.990000,181.000000,176.510000,180.190000,176.460000,22691029,40648.38,149847,
2026-02-25,IOC,EQ,181.000000,183.800000,180.510000,183.030000,180.190000,24353791,44463.19,159617,
2026-02-26,IOC,EQ,183.500000,186.800000,182.430000,186.470000,183.030000,17206460,31749.88,111535,
2026-02-27,IOC,EQ,187.110000,188.960000,185.770000,187.470000,186.470000,24422609,45824.64,98543,
2026-03-02,IOC,EQ,181.310000,182.400000,176.850000,179.110000,187.470000,31464579,56503.90,176357,
2026-03-04,IOC,EQ,175.000000,176.170000,169.210000,170.440000,179.110000,27718538,47693.76,154526,
2026-03-05,IOC,EQ,171.000000,175.420000,169.280000,171.540000,170.440000,32355154,55652.87,199046,
2026-03-06,IOC,EQ,172.060000,172.940000,168.050000,168.680000,171.540000,20979104,35672.41,167158,
2026-03-09,IOC,EQ,158.000000,162.150000,156.300000,161.220000,168.680000,40458725,64637.00,196314,
2026-03-10,IOC,EQ,164.440000,166.860000,159.120000,159.940000,161.220000,26772223,43160.98,131141,
2026-03-11,IOC,EQ,160.500000,162.990000,159.660000,160.630000,159.940000,22703344,36595.23,95787,
2026-03-12,IOC,EQ,157.400000,162.250000,154.060000,160.160000,160.630000,21636039,34394.14,116029,
2026-03-13,IOC,EQ,158.990000,160.340000,155.800000,156.540000,160.160000,11958819,18838.00,76886,
2026-03-16,IOC,EQ,153.010000,154.600000,146.880000,148.960000,156.540000,35687077,53308.39,164760,
2026-03-17,IOC,EQ,149.000000,149.800000,145.510000,146.680000,148.960000,19101788,28076.43,113568,
2026-03-18,IOC,EQ,146.800000,149.080000,145.960000,148.270000,146.680000,20318430,30048.51,101128,
2026-03-19,IOC,EQ,145.890000,146.630000,142.050000,142.730000,148.270000,20076945,28903.90,138639,
2026-03-20,IOC,EQ,143.600000,148.130000,143.600000,144.600000,142.730000,34636614,50499.17,165967,
2026-03-23,IOC,EQ,141.490000,142.690000,137.750000,138.110000,144.600000,21048472,29304.81,162631,
2026-03-24,IOC,EQ,141.580000,142.500000,137.020000,138.700000,138.110000,30509694,42316.47,142250,
2026-03-25,IOC,EQ,141.320000,141.690000,139.000000,140.520000,138.700000,22848464,32032.06,130860,
2026-03-27,IOC,EQ,142.990000,144.370000,137.350000,137.760000,140.520000,29985724,41703.56,186802,
2026-03-30,IOC,EQ,135.380000,138.630000,134.040000,135.400000,137.760000,28375902,38692.68,155723,
2026-04-01,IOC,EQ,140.000000,140.000000,134.500000,135.720000,135.400000,26367709,35954.42,146357,
2026-04-02,IOC,EQ,134.200000,134.670000,130.220000,134.130000,135.720000,22834708,30221.64,134958,
2026-04-06,IOC,EQ,134.130000,134.800000,130.510000,134.050000,134.130000,25356388,33526.65,132606,
2026-04-07,IOC,EQ,132.300000,134.850000,131.700000,134.440000,134.050000,20626751,27472.68,125280,
2026-04-08,IOC,EQ,143.000000,144.300000,141.100000,143.350000,134.440000,45807508,65394.20,181116,
2026-04-09,IOC,EQ,142.890000,142.890000,140.500000,141.670000,143.350000,22052191,31221.33,109701,
2026-04-10,IOC,EQ,142.260000,144.100000,141.910000,142.960000,141.670000,13681094,19565.32,91064,
2026-04-13,IOC,EQ,139.100000,141.400000,137.560000,141.080000,142.960000,21941388,30696.81,106616,
2026-04-15,IOC,EQ,144.950000,145.670000,144.100000,145.220000,141.080000,16020870,23251.27,91029,
2026-04-16,IOC,EQ,146.000000,146.430000,143.500000,144.190000,145.220000,13154143,19039.28,94407,
2026-04-17,IOC,EQ,144.400000,146.330000,143.410000,145.880000,144.190000,11855228,17237.56,86162,
2026-04-20,IOC,EQ,145.010000,147.870000,144.300000,146.870000,145.880000,14174808,20746.56,90286,
2026-04-21,IOC,EQ,147.060000,148.340000,147.000000,147.310000,146.870000,8952350,13205.25,92165,
2026-04-22,IOC,EQ,146.440000,147.900000,146.100000,147.360000,147.310000,7680576,11303.53,58148,
2026-04-23,IOC,EQ,146.400000,147.350000,145.100000,145.480000,147.360000,11146793,16296.03,59952,
2026-04-24,IOC,EQ,145.000000,145.600000,142.900000,143.470000,145.480000,8204012,11786.61,51964,
2026-04-27,IOC,EQ,144.000000,146.600000,143.690000,146.260000,143.470000,8409968,12243.75,54712,
2026-04-28,IOC,EQ,146.150000,146.190000,144.310000,145.390000,146.260000,11294936,16413.84,65315,
2026-04-29,IOC,EQ,146.110000,147.290000,143.940000,144.190000,145.390000,12575213,18315.76,84216,
2026-04-30,IOC,EQ,142.500000,143.400000,141.120000,142.250000,144.190000,16384926,23287.15,90420,
2026-05-04,IOC,EQ,143.500000,144.420000,142.000000,142.260000,142.250000,9094894,12996.88,75323,
2026-05-05,IOC,EQ,142.000000,142.620000,140.500000,142.140000,142.260000,8418500,11928.21,71667,
2026-05-06,IOC,EQ,143.500000,148.750000,143.220000,148.210000,142.140000,16440452,24048.28,90047,
2026-05-07,IOC,EQ,148.900000,149.300000,145.130000,146.890000,148.210000,17332587,25485.81,109156,
2026-05-08,IOC,EQ,145.800000,146.300000,144.190000,144.690000,146.890000,9904272,14369.70,91369,
2026-05-11,IOC,EQ,143.000000,143.000000,140.040000,140.370000,144.690000,11542960,16282.76,97122,
2026-05-12,IOC,EQ,139.390000,139.760000,137.250000,137.650000,140.370000,13482227,18655.97,110061,
2026-05-13,IOC,EQ,138.000000,142.600000,137.840000,141.690000,137.650000,15901973,22338.49,120098,
2026-05-14,IOC,EQ,143.000000,143.000000,139.100000,140.260000,141.690000,14516032,20393.19,91934,
2026-05-15,IOC,EQ,140.500000,141.200000,134.040000,134.480000,140.260000,30353032,41413.04,189340,
2026-05-18,IOC,EQ,134.000000,134.000000,130.530000,131.810000,134.480000,15772188,20742.35,119861,
2026-05-19,IOC,EQ,134.100000,136.190000,133.340000,135.000000,131.810000,22333093,30148.74,131190,
2026-05-20,IOC,EQ,134.670000,138.520000,133.000000,138.040000,135.000000,24216502,32991.09,120805,
2026-05-21,IOC,EQ,139.600000,141.000000,138.240000,140.530000,138.040000,26345901,36884.69,187549,
2026-05-22,IOC,EQ,140.530000,140.560000,138.030000,139.470000,140.530000,12077225,16816.43,78523,
2026-05-25,IOC,EQ,144.060000,145.300000,143.150000,143.950000,139.470000,24525241,35377.39,145901,
2026-05-26,IOC,EQ,143.700000,144.110000,141.570000,142.380000,143.950000,9355269,13362.64,76005,
2026-05-27,IOC,EQ,142.090000,144.850000,141.420000,143.940000,142.380000,10981894,15733.88,83121,
2026-05-29,IOC,EQ,146.000000,147.000000,139.630000,140.240000,143.940000,36212028,51148.64,132236,
2026-06-01,IOC,EQ,140.500000,141.480000,138.600000,138.800000,140.240000,13055381,18238.17,94837,
2026-06-02,IOC,EQ,137.990000,139.640000,137.310000,138.830000,138.800000,9425916,13060.11,99961,
2026-06-03,IOC,EQ,138.190000,138.330000,136.600000,137.380000,138.830000,14280727,19623.53,100629,
2026-06-04,IOC,EQ,137.690000,139.990000,136.800000,138.950000,137.380000,10664527,14824.95,92728,
2026-06-05,IOC,EQ,139.000000,139.390000,137.640000,138.260000,138.950000,10644029,14731.11,95950,
2026-06-08,IOC,EQ,136.740000,136.990000,135.250000,135.600000,138.260000,9213602,12545.83,90661,
2026-06-09,IOC,EQ,137.000000,138.440000,136.350000,138.130000,135.600000,12417792,17069.94,75789,
2026-06-10,IOC,EQ,138.130000,139.720000,136.500000,136.880000,138.130000,10347575,14269.02,66106,
2026-06-11,IOC,EQ,135.000000,135.650000,133.550000,134.240000,136.880000,11817601,15880.11,118621,
2026-06-12,IOC,EQ,137.000000,141.450000,136.730000,140.940000,134.240000,18813847,26110.71,79084,
2026-06-15,IOC,EQ,147.000000,148.470000,144.210000,144.490000,140.940000,23010555,33515.26,123019,
2026-06-16,IOC,EQ,144.950000,145.450000,143.730000,145.110000,144.490000,10255674,14845.30,72716,
2026-06-17,IOC,EQ,147.000000,147.470000,144.950000,145.420000,145.110000,14039760,20520.85,80397,
2026-06-18,IOC,EQ,145.800000,147.250000,145.180000,146.110000,145.420000,10920308,15959.60,61444,
2026-06-19,IOC,EQ,144.980000,145.740000,142.670000,143.430000,146.110000,15764700,22645.49,97376,
2026-06-22,IOC,EQ,145.430000,145.430000,143.540000,144.380000,143.430000,10482678,15119.92,81548,
2026-06-23,IOC,EQ,145.000000,145.950000,142.800000,143.170000,144.380000,14059612,20283.50,115192,
2026-06-24,IOC,EQ,143.990000,146.800000,143.250000,146.300000,143.170000,17387166,25267.18,77533,
2026-06-25,IOC,EQ,148.000000,148.240000,143.380000,143.890000,146.300000,14235354,20710.94,89749,
2026-06-29,IOC,EQ,143.300000,143.410000,138.900000,139.180000,143.890000,14942414,20940.38,105652,
2026-06-30,IOC,EQ,139.510000,140.230000,138.380000,139.380000,139.180000,19013315,26499.61,79494,
2026-07-01,IOC,EQ,139.700000,140.320000,138.420000,139.830000,139.380000,10736348,14983.27,62474,
2026-07-02,IOC,EQ,140.300000,143.770000,140.300000,141.620000,139.830000,23991977,34111.34,94272,
2026-07-03,IOC,EQ,142.320000,142.320000,141.010000,141.560000,141.620000,5661461,8012.40,39991,
2026-07-06,IOC,EQ,141.600000,143.750000,140.920000,141.680000,141.560000,8310545,11823.05,56594,
2026-07-07,IOC,EQ,142.750000,144.110000,141.800000,142.180000,141.680000,16961635,24165.78,86658,
2026-07-08,IOC,EQ,139.700000,140.350000,136.600000,137.630000,142.180000,33976686,47030.59,172115,
2026-07-09,IOC,EQ,137.630000,138.690000,136.600000,138.260000,137.630000,14352065,19788.74,103532,
2026-07-10,IOC,EQ,139.380000,140.550000,138.700000,138.960000,138.260000,8402022,11702.69,60579,
2026-07-13,IOC,EQ,137.000000,140.170000,136.620000,139.950000,138.960000,11620086,16101.05,94813,
2026-07-14,IOC,EQ,137.990000,138.690000,136.700000,137.050000,139.950000,14151551,19437.15,75987,
2026-07-15,IOC,EQ,137.900000,140.500000,137.160000,140.240000,137.050000,21309498,29738.88,90248,
2026-07-16,IOC,EQ,140.500000,143.390000,139.340000,141.800000,140.240000,22023161,31252.71,100728,
2026-07-17,IOC,EQ,141.700000,142.300000,140.190000,141.690000,141.800000,11266555,15924.62,61712,
2026-07-20,IOC,EQ,140.190000,143.150000,139.770000,142.410000,141.690000,13180933,18697.65,64330,
2026-07-21,IOC,EQ,142.990000,143.990000,142.230000,143.300000,142.410000,12235450,17545.88,69763,
2026-07-22,IOC,EQ,142.450000,143.170000,141.070000,142.030000,143.300000,9024642,12845.67,53120,
2026-07-23,IOC,EQ,140.200000,142.330000,138.840000,139.920000,142.030000,9748345,13711.95,81965,
2026-07-24,IOC,EQ,138.850000,138.890000,136.780000,138.470000,139.920000,11902268,16426.19,73458,
2026-07-27,IOC,EQ,140.500000,142.000000,139.910000,141.520000,138.470000,8260417,11628.51,53328,
2026-07-28,IOC,EQ,142.000000,142.950000,141.030000,141.280000,141.520000,5767618,8172.06,39047,
2026-07-29,IOC,EQ,141.350000,141.770000,139.550000,140.110000,141.280000,7526333,10549.35,50336,
2026-07-30,IOC,EQ,140.000000,140.890000,139.380000,139.940000,140.110000,6997658,9800.88,46649,
2026-07-31,IOC,EQ,140.200000,140.690000,138.860000,140.170000,139.940000,9626379,13477.42,57270,
2026-08-03,IOC,EQ,142.520000,145.200000,142.380000,143.700000,140.170000,17986947,25814.41,81731,
2026-08-04,IOC,EQ,143.470000,143.820000,141.600000,141.600000,143.700000,7539898,10757.85,50955,
2026-08-05,IOC,EQ,143.890000,144.600000,142.940000,144.000000,141.600000,8582513,12334.23,43001,
2026-08-06,IOC,EQ,144.000000,144.750000,142.300000,142.660000,144.000000,9474034,13588.09,55289,
2026-08-07,IOC,EQ,141.990000,143.400000,141.810000,143.380000,142.660000,5173696,7380.82,27883,
2026-08-10,IOC,EQ,143.000000,143.010000,141.500000,142.000000,143.380000,4186115,5944.80,33409,
2026-08-11,IOC,EQ,141.500000,141.600000,139.400000,140.000000,142.000000,13163732,18473.62,79417,
2026-08-12,IOC,EQ,140.630000,142.050000,139.290000,140.600000,140.000000,10106894,14205.11,59396,
2026-08-13,IOC,EQ,140.900000,141.550000,139.810000,141.500000,140.600000,6668159,9397.63,34423,
2026-08-14,IOC,EQ,140.850000,140.850000,138.820000,139.400000,141.500000,9237608,12886.47,109117,
2026-08-17,IOC,EQ,139.200000,139.800000,138.120000,138.610000,139.400000,8148346,11311.81,61923,
2026-08-18,IOC,EQ,138.120000,139.200000,137.750000,137.800000,138.610000,8312830,11510.50,60357,
2026-08-19,IOC,EQ,137.500000,138.100000,136.250000,136.300000,137.800000,8404311,11505.70,57614,
2026-08-20,IOC,EQ,137.000000,137.120000,135.280000,135.900000,136.300000,7026471,9550.14,59823,
2026-08-21,IOC,EQ,135.500000,136.580000,135.270000,135.900000,135.900000,6642882,9033.47,54946,
2026-08-24,IOC,EQ,136.000000,138.500000,135.950000,138.500000,135.900000,9432799,12963.14,50585,
2026-08-25,IOC,EQ,138.000000,139.000000,137.000000,139.000000,138.500000,7676722,10583.78,39707,
2026-08-26,IOC,EQ,140.000000,141.150000,138.500000,139.480000,139.000000,6514034,9095.36,38051,
2026-08-27,IOC,EQ,139.370000,139.480000,136.690000,137.570000,139.480000,6190652,8521.45,41463,
2026-08-28,IOC,EQ,137.570000,137.570000,136.230000,137.100000,137.570000,4050844,5537.14,34602,
2026-08-31,IOC,EQ,136.110000,139.130000,134.320000,139.130000,137.100000,14038943,19179.56,67527,
2026-09-01,IOC,EQ,136.340000,137.900000,135.150000,136.530000,139.130000,9536764,13033.67,57708,
2026-09-02,IOC,EQ,135.000000,137.000000,134.350000,137.000000,136.530000,8229119,11183.61,58634,
2026-09-03,IOC,EQ,136.300000,137.800000,136.250000,137.800000,137.000000,4941277,6764.73,33882,
